"""%s"" coupon code is not valid.","""%s"" mã giảm giá không đúng."
"%s","%s"
"%s / %s rate:","%s / %s chỉ số:"
"%s for %s","%s cho %s"
"%s order(s) cannot be canceled","%s đơn hàng không thể bị hủy"
"%s order(s) have been canceled.","%s đơn hàng đã bị hủy."
"%s order(s) have been put on hold.","%s đơn hàng đang nằm chờ."
"%s order(s) have been released from holding status.","%s order(s) have been released from holding status."
"%s order(s) were not put on hold.","%s order(s) were not put on hold."
"%s order(s) were not released from holding status.","%s order(s) were not released from holding status."
"* - Enter custom price excluding tax","* - Thêm giá tùy chọn không thuế"
"* - Enter custom price including tax","* - Thêm giá tùy chọn có thuế"
"-- Please Select --","-- Hãy chọn --"
"-- Please Select Billing Agreement--","-- Hãy chọn điều khoản chi trả--"
"About This Order:","Thông tin về đơn hàng:"
"About This Profile:","Thông tin về hồ sơ:"
"About Your Invoice","Chi tiết hóa đơn của bạn"
"About Your Order","Chi tiết đơn hàng của bạn"
"About Your Refund","Chi tiết hoàn trả của bạn"
"About Your Shipment","Chi tiết giao hàng của bạn"
"Accept Payment","Đồng ý chi trả"
"Accept or Deny Payment","Đồng ý hoặc từ chối chi trả"
"Account Information","Thông tin tài khoản"
"Action","Thao tác"
"Actions","Thao tác"
"Activate","Kích hoạt"
"Active","Kích hoạt"
"Add","Thêm"
"Add New Address","Thêm địa chỉ"
"Add Order Comments","Thêm ghi chú vào đơn hàng"
"Add Package","Thêm kiện hàng"
"Add Products","Thêm sản phẩm"
"Add Selected Product(s) to Option","Thêm sản phẩm đã chọn vào lự chọn"
"Add Selected Product(s) to Order","Thêm sản phẩm đã chọn vào đơn hàng"
"Add Selected Product(s) to Package","Thêm sản phẩm đã chọ vào kiện hàng"
"Add To Order","Thêm vào đơn hàng"
"Add Tracking Number","Thêm số theo dõi"
"Add comment to order","Thêm ghi chú vào đơn hàng"
"Add new comment to credit memo","Thêm ghi chú vào ghi nhớ thanh toán"
"Add new comment to shipment","Thêm ghi chú vào giao hàng"
"Add new tracking number","Thêm số theo dỡi mới"
"Add to Cart","Cho vào giỏ"
"Additional Product Info","Thông tin thêm về SP"
"Address","Địa chỉ"
"Address model is not defined.","Dạng địa chỉ chưa được xác nhận."
"Adjustment Fee","Phí thay đổi"
"Adjustment Refund","Thay đổi hoàn trả"
"Agreement Information","Thông tin điều khoản"
"Allow Reorder","Đồng ý mua đổi hàng lại"
"Amount","Số lượng"
"Amount: %s.","Số lượng: %s."
"An error occurred while assigning order status. Status has not been assigned.","An error occurred while assigning order status. Status has not been assigned."
"An error occurred while creating shipping label.","An error occurred while creating shipping label."
"An error occurred while saving order status. The status has not been added.","An error occurred while saving order status. The status has not been added."
"An error occurred while unassigning order status.","An error occurred while unassigning order status."
"An error occurred while updating the order address. The address has not been changed.","An error occurred while updating the order address. The address has not been changed."
"An item option with code %s already exists.","An item option with code %s already exists."
"Anchor Custom Title","Anchor Custom Title"
"Append Comments","Nối vào ghi chú"
"Apply","Áp dụng"
"Apply Coupon Code","Dùng mã giảm gía"
"Approved the payment online.","Xác nhận thanh toán trực tuyến."
"Are you sure you want to accept this payment?","Bạn có chắc là sẽ chấp nhận thanh toán này?"
"Are you sure you want to cancel this order?","Bạn có chắc là sẽ hủy đơn hàng này?"
"Are you sure you want to deny this payment?","Bạn có chắc là sẽ bỏ qua thanh toán này?"
"Are you sure you want to do this?","Bạn có chắc là muốn làm thế không?"
"Are you sure you want to send Creditmemo email to customer?","Are you sure you want to send Creditmemo email to customer?"
"Are you sure you want to send Invoice email to customer?","Bạn chắc là gửi email hóa đơn cho khách hàng?"
"Are you sure you want to send Shipment email to customer?","Bạn có chắc là gửi email giao hàng cho khách hàng?"
"Are you sure you want to send order email to customer?","Bạn có chắc là gửi email đơn hàng cho khách hàng?"
"Are you sure you want to void the payment?","Bạn có chắc là muốn rút thanh toán?"
"Are you sure?","Bạn chắc chứ?"
"Are you sure? This order will be canceled and a new one will be created instead","Are you sure? This order will be canceled and a new one will be created instead"
"Assign Order Status to State","Assign Order Status to State"
"Assign Status to State","Assign Status to State"
"Assignment Information","Gán thông tin"
"At least a payment ID must be set.","Ít nhất một thanh toán phải được chọn."
"Authorization","Cấp quyền"
"Authorized amount of %s.","Cấp quyền cho một số %s."
"Authorizing amount of %s is pending approval on gateway.","Authorizing amount of %s is pending approval on gateway."
"Back","Trở lại"
"Back to Billing Agreements","Trở vể điều khoản thanh tóan"
"Back to My Orders","Trở về trang đơn hàng"
"Back to Recurring Profiles","Back to Recurring Profiles"
"Backordered","Backordered"
"Bestsellers","Bán chạy"
"Bill to Name","Tên trên hóa đơn"
"Billing","Hóa đơn"
"Billing Address","Địa chỉ hóa đơn"
"Billing Agreement","Thỏa thuận thanh toán"
"Billing Agreement # %s","Billing Agreement # %s"
"Billing Agreement #%s","Billing Agreement #%s"
"Billing Agreement View","Billing Agreement View"
"Billing Agreements","Thỏa thuận thanh toán"
"Billing Last Name","Billing Last Name"
"Billing ZIP Code","Billing ZIP Code"
"Buy %s for price %s","Buy %s for price %s"
"CSV","CSV"
"Cancel","Bỏ qua"
"Cancel credit memo","Hủy việc hoàn trả"
"Cancel invoice","Bỏ qua hóa đơn"
"Cancel order","Hủy đơn hàng"
"Canceled","Đã bỏ"
"Canceled order offline.","Không thể tạo đơn hàng Offline."
"Canceled order online.","Không thể tạo đơn hàng trực tuyến."
"Cannot add order history.","Không thể thêm lịch sử đơn hàng."
"Cannot create an empty shipment.","Không thể tạo mới giao hàng."
"Cannot determine the field name.","Không thể xác định trường."
"Cannot do invoice for order.","Đơn hàng không thể tạo hóa đơn."
"Cannot do shipment for order.","Đơn hàng không thể giao."
"Cannot get order instance","Không thể đọc đơn hàng"
"Cannot get the order instance.","Không thể đọc đơn hàng này."
"Cannot register an existing credit memo.","Không thể đăng ký một hoàn trả đã tồn tại."
"Cannot register existing invoice","Không thể đăng ký một hóa đơn đã tồn tại"
"Cannot register existing shipment","Không thể đăng ký một giao hàng đã tồn tại"
"Capture","Ghi nhận"
"Capture Amount","Ghi nhận số lượng"
"Capture Offline","Ghi nhận Offline"
"Capture Online","Ghi nhận trực tuyến"
"Capture invoice","Ghi nhận hóa đơn"
"Captured amount of %s online.","Ghi nhận số lượng %s trực tuyến."
"Capturing amount of %s is pending approval on gateway.","Capturing amount of %s is pending approval on gateway."
"Carrier","Nhà cung cấp"
"Carrier/Method","Carrier/Method"
"Change status, add comments","Đổi trạng thái, thêm ghi chú"
"Changing address information will not recalculate shipping, tax or other order amount.","Changing address information will not recalculate shipping, tax or other order amount."
"Checkout Totals Sort Order","Checkout Totals Sort Order"
"City","TP"
"Clear Shopping Cart","Làm trống giỏ hàng"
"Click to change shipping method","Nhấn vào để đổi cách giao hàng"
"Close","Đóng"
"Closed","Đóng"
"Comma-separated.","Ngăn cách bởi dấy phẩy."
"Comment","Bình luận"
"Comment Text","Comment Text"
"Comments","Bình luận"
"Comments History","Lịch sử ghi chú"
"Company","Công ty"
"Complete","Hoành thành"
"Configure","Configure"
"Configure and Add to Order","Cấu hình và thêm vào đơn hàng"
"Contents","Contents"
"Continue","Tiếp tục"
"Country","Quốc gia"
"Coupons","Mã giảm giá"
"Create","Tạo"
"Create New Customer","Tạo khách hàng mới"
"Create New Order","Tạo đơn hàng mới"
"Create New Order Status","Tạo trạng thái đơn hàng mới"
"Create New Order for %s","Tạo đơn hàng mới cho %s"
"Create New Order for %s in %s","Create New Order for %s in %s"
"Create New Order for New Customer","Tạo đơn hàng mới cho khách hàng mới"
"Create New Order for New Customer in %s","Tạo đơn hàng mới cho khách hàng mới %s"
"Create New Status","Tạo trạng thái mới"
"Create Packages","Tạo kiện hàng"
"Create Shipment","Tạo giao hàng"
"Create Shipping Label","Tạo nhãn giao hàng"
"Create Shipping Label...","Tạo nhãn giao hàng..."
"Create new credit memo for order","Tạo hoàn trả mới cho đơn hàng"
"Create new invoice for order","Tạo hóa đơn mới cho đơn hàng"
"Create new shipment for order","Tạo giao hàng mới cho đơn hàng"
"Create...","Create..."
"Created At","Đã tạo lúc"
"Created billing agreement #%s.","Created billing agreement #%s."
"Created:","Đã tạo:"
"Credit Memo","Hoàn Trả"
"Credit Memo #","Hoàn Trả #"
"Credit Memo # ","Hoàn Trả # "
"Credit Memo #%1$s | %3$s | %2$s (%4$s)","Hoàn Trả #%1$s | %3$s | %2$s (%4$s)"
"Credit Memo Comment Email Sender","Ghi chú hoàn trả email người gửi"
"Credit Memo Comment Email Template","Mẫu email hoàn trả"
"Credit Memo Comment Email Template for Guest","Credit Memo Comment Email Template for Guest"
"Credit Memo Comments","Ghi chú hoàn trả"
"Credit Memo Email Sender","Ghi chú email của người hòan trả"
"Credit Memo Email Template","Ghi chú mẫu email của người hoàn trả"
"Credit Memo Email Template for Guest","Credit Memo Email Template for Guest"
"Credit Memo Update","Cập nhật hoàn trả"
"Credit Memo Update for Guest","Credit Memo Update for Guest"
"Credit Memos","Hoàn trả"
"Credit memo canceling problem.","Hoàn trả gặp vến đề."
"Credit memo cannot be canceled.","Không thể bỏ qua việc hòa trả."
"Credit memo has been created automatically","Hoàn trả đã được tự động thực hiện"
"Creditmemo","Hoàn trả"
"Custom Price","Tùy chỉnh giá"
"Custom Value","Tùy chỉnh giá trị"
"Customer","Khách hàng"
"Customer Can Define Start Date","Customer Can Define Start Date"
"Customer Email","Customer Email"
"Customer Group","Nhóm khách hàng"
"Customer Last Name","Customer Last Name"
"Customer My Account Order Creditmemo View","Customer My Account Order Creditmemo View"
"Customer My Account Order History","Customer My Account Order History"
"Customer My Account Order Invoice View","Customer My Account Order Invoice View"
"Customer My Account Order Shipment View","Customer My Account Order Shipment View"
"Customer My Account Order View","Customer My Account Order View"
"Customer Name","Tên khách hàng"
"Customer\'s Current Activities","Customer\'s Current Activities"
"Customs Value","Customs Value"
"Date","Ngày"
"Date Shipped","Date Shipped"
"Default Status","Default Status"
"Default Template","Default Template"
"Default logo, will be used in PDF and HTML documents.<br />(jpeg, tiff, png)","Default logo, will be used in PDF and HTML documents.<br />(jpeg, tiff, png)"
"Delete","Xóa"
"Delete Package","Delete Package"
"Denied the payment online.","Denied the payment online."
"Deny Payment","Deny Payment"
"Description Message","Mô tả thông điệp"
"Discount","Giảm giá"
"Discount (%s)","Giảm giá (%s)"
"Discount Amount","Số lượng giảm"
"Display Order ID in Header","Display Order ID in Header"
"Edit","Chỉnh sửa"
"Edit Order","Sửa đơn hàng"
"Edit Order #%s","Sửa đơn hàng #%s"
"Edit Order %s %s Address","Sửa địa chỉ đơn hàng %s %s "
"Edit Order Status","Sửa trạng thái đơn hàng"
"Email","Email"
"Email Address","Địa chỉ Email"
"Email Copy of Credit Memo","Gửi Email một bản sao của thanh toán"
"Email Copy of Invoice","Gửi Email một bản sao của hóa đơn"
"Email Copy of Shipment","Gửi Email một bản sao của giao hàng"
"Email Order Confirmation","Gửi Email xác nhận hóa đơn"
"Enable","Bật"
"Enabled","Đã bật"
"Enter the billing last name and email/ZIP as in the order billing address","Enter the billing last name and email/ZIP as in the order billing address"
"Entered data is incorrect. Please try again.","Entered data is incorrect. Please try again."
"Error to Show in Shopping Cart","Error to Show in Shopping Cart"
"Excel XML","Excel XML"
"Excl. Tax","Không thuế"
"Expired","Expired"
"Explanation","Explanation"
"Failed to cancel the billing agreement.","Failed to cancel the billing agreement."
"Failed to create billing agreement for this order.","Failed to create billing agreement for this order."
"Failed to finish billing agreement wizard.","Failed to finish billing agreement wizard."
"Failed to send the order email.","Failed to send the order email."
"Failed to start billing agreement wizard.","Failed to start billing agreement wizard."
"Failed to update the payment.","Failed to update the payment."
"Failed to update the profile.","Failed to update the profile."
"Failed to void the payment.","Failed to void the payment."
"Fetch","Fetch"
"File extension not known or unsupported type in the following shipment: %s","File extension not known or unsupported type in the following shipment: %s"
"Find Order By:","Find Order By:"
"First Name","Tên"
"From","Từ"
"From Name","From Name"
"From:","Từ:"
"G.T. (Base)","G.T. (Base)"
"G.T. (Purchased)","G.T. (Purchased)"
"General Information","Thông tin chung"
"Get Payment Update","Get Payment Update"
"Get Update","Cập nhật"
"Get shipping methods and rates","Get shipping methods and rates"
"Gift Message","Thông báo quà tặng"
"Gift Message for This Order","Gift Message for This Order"
"Gift Message for the Entire Order","Gift Message for the Entire Order"
"Gift Message for this Order","Gift Message for this Order"
"Gift Options","Tùy chọn quà"
"Girth","Girth"
"Grand Total","Tổng thanh toán"
"Grand Total to be Charged","Tổng sẽ thanh toán"
"Guest","Khách"
"Height","Height"
"Hold","Hold"
"Hold action is not available.","Hold action is not available."
"Hold order","Hold order"
"ID","ID"
"ID #","ID #"
"IPN ""Refunded"". Refund issued by merchant. Registered notification about refunded amount of %s. Transaction ID: ""%s""","IPN ""Refunded"". Refund issued by merchant. Registered notification about refunded amount of %s. Transaction ID: ""%s"""
"If empty, the default description above will be used.","If empty, the default description above will be used."
"If empty, the default error above will be used.","If empty, the default error above will be used."
"If the invoice was created offline, try creating an offline creditmemo.","If the invoice was created offline, try creating an offline creditmemo."
"Incl. Tax","Có thuế"
"Information","Information"
"Initial Fee","Initial Fee"
"Initial Fees","Initial Fees"
"Initial period payment","Initial period payment"
"Insufficient information to create shipping label(s). Please verify your Store Information and Shipping Settings.","Insufficient information to create shipping label(s). Please verify your Store Information and Shipping Settings."
"Invalid block: %s.","Invalid block: %s."
"Invalid carrier specified.","Invalid carrier specified."
"Invalid draw line data. Please define ""lines"" array.","Invalid draw line data. Please define ""lines"" array."
"Invalid entity model","Invalid entity model"
"Invalid item option format.","Invalid item option format."
"Invalid qty to invoice item ""%s""","Invalid qty to invoice item ""%s"""
"Invalid qty to refund item ""%s""","Invalid qty to refund item ""%s"""
"Invalid qty to ship for item ""%s""","Invalid qty to ship for item ""%s"""
"Invalid renderer model","Invalid renderer model"
"Invalid request for adding product to quote.","Invalid request for adding product to quote."
"Invoice","Invoice"
"Invoice #","Invoice #"
"Invoice # ","Invoice # "
"Invoice #%1$s | %2$s | %4$s (%3$s)","Invoice #%1$s | %2$s | %4$s (%3$s)"
"Invoice #%s","Invoice #%s"
"Invoice Comment Email Sender","Invoice Comment Email Sender"
"Invoice Comment Email Template","Invoice Comment Email Template"
"Invoice Comment Email Template for Guest","Invoice Comment Email Template for Guest"
"Invoice Comments","Invoice Comments"
"Invoice Date","Invoice Date"
"Invoice Email Sender","Invoice Email Sender"
"Invoice Email Template","Invoice Email Template"
"Invoice Email Template for Guest","Invoice Email Template for Guest"
"Invoice Update","Invoice Update"
"Invoice Update for Guest","Invoice Update for Guest"
"Invoice and Packing Slip Design","Invoice and Packing Slip Design"
"Invoice and Ship","Invoice and Ship"
"Invoice canceling problem.","Invoice canceling problem."
"Invoice cannot be canceled.","Invoice cannot be canceled."
"Invoice cannot be captured.","Invoice cannot be captured."
"Invoice cannot be voided.","Invoice cannot be voided."
"Invoice capturing problem.","Invoice capturing problem."
"Invoice void problem","Invoice void problem"
"Invoice will be created without communication with payment gateway.","Invoice will be created without communication with payment gateway."
"Invoiced","Đã lập hóa đơn"
"Invoices","Hóa đơn"
"Is Closed","Is Closed"
"Item","Item"
"Item Status","Item Status"
"Item object is not specified.","Item object is not specified."
"Item options declaration error.","Item options declaration error."
"Item ordered qty","Item ordered qty"
"Item qty declaration error.","Item qty declaration error."
"Items","Sản phẩm"
"Items Invoiced","Sản phẩm đã thanh toán"
"Items Ordered","Sản phẩm đã mua"
"Items Refunded","SP đã trả lại"
"Items Shipped","SP đã giao"
"Items in the Package","SP trong kiện hàng"
"Items maximum quantity or price do not allow checkout.","Số lượng sản phẩm trong kho không đủ để bạn thanh toán, Mời bạn chọn lại số lượng cần mua."
"Items options declaration error.","Items options declaration error."
"Items to Refund","SP phải trả"
"Items to Ship","SP phải giao"
"Key","Key"
"Last Name","Họ"
"Last Ordered Items","Last Ordered Items"
"Last status can\'t be unassigned from state.","Last status can\'t be unassigned from state."
"Length","Dài"
"Link to the New Order","Link to the New Order"
"Link to the Previous Order","Link to the Previous Order"
"Logo for HTML Print View","Logo for HTML Print View"
"Logo for HTML documents only. If empty, default will be used.<br />(jpeg, gif, png)","Logo for HTML documents only. If empty, default will be used.<br />(jpeg, gif, png)"
"Logo for PDF Print-outs (200x50)","Logo for PDF Print-outs (200x50)"
"Make Check payable to:","Make Check payable to:"
"Manage","Manage"
"Maximum amount available to refund is %s","Maximum amount available to refund is %s"
"Maximum shipping amount allowed to refund is: %s","Maximum shipping amount allowed to refund is: %s"
"Message","Thông báo"
"Message:","Thông báo:"
"Minimum Amount","Minimum Amount"
"Minimum Order Amount","Minimum Order Amount"
"Mixed","Mixed"
"Most Viewed","Most Viewed"
"Most Viewed Products Report","Most Viewed Products Report"
"Move to Shopping Cart","Move to Shopping Cart"
"Move to Wishlist","Move to Wishlist"
"Multi-address Description Message","Multi-address Description Message"
"Multi-address Error to Show in Shopping Cart","Multi-address Error to Show in Shopping Cart"
"My Orders","My Orders"
"My Orders - Details","My Orders - Details"
"N/A","N/A"
"Name","Tên"
"New","New"
"New Billing Agreement","New Billing Agreement"
"New Credit Memo","New Credit Memo"
"New Credit Memo for Guest","New Credit Memo for Guest"
"New Credit Memo for Invoice #%s","New Credit Memo for Invoice #%s"
"New Credit Memo for Order #%s","New Credit Memo for Order #%s"
"New Invoice","New Invoice"
"New Invoice and Shipment for Order #%s","New Invoice and Shipment for Order #%s"
"New Invoice for Guest","New Invoice for Guest"
"New Invoice for Order #%s","New Invoice for Order #%s"
"New Order","New Order"
"New Order Confirmation Email Sender","New Order Confirmation Email Sender"
"New Order Confirmation Template","New Order Confirmation Template"
"New Order Confirmation Template for Guest","New Order Confirmation Template for Guest"
"New Order RSS","New Order RSS"
"New Order Status","Trạng thái đơn hàng mới"
"New Order for Guest","New Order for Guest"
"New Shipment","New Shipment"
"New Shipment for Guest","New Shipment for Guest"
"New Shipment for Order #%s","New Shipment for Order #%s"
"Newsletter Subscription","Newsletter Subscription"
"No","Không"
"No Items","No Items"
"No Items To Refund","No Items To Refund"
"No Payment Methods","No Payment Methods"
"No detail for number ""%s""","No detail for number ""%s"""
"No information available.","No information available."
"No items","No items"
"No order(s) were put on hold.","No order(s) were put on hold."
"No order(s) were released from holding status.","No order(s) were released from holding status."
"No ordered items","No ordered items"
"No shipping information available","No shipping information available"
"Nominal Items","Nominal Items"
"Nominal item can be purchased standalone only. To proceed please remove other items from the quote.","Nominal item can be purchased standalone only. To proceed please remove other items from the quote."
"Nominal order registered.","Nominal order registered."
"Not Capture","Not Capture"
"Not Initialized","Not Initialized"
"Not Notified","Not Notified"
"Not enough valid data to save the parent transaction ID.","Not enough valid data to save the parent transaction ID."
"Notification Not Applicable","Notification Not Applicable"
"Notified","Notified"
"Notify Customer by Email","Notify Customer by Email"
"Number","Number"
"Number of Invoiced Orders","Number of Invoiced Orders"
"Number of Orders","Number of Orders"
"Number of Refunded Orders","Number of Refunded Orders"
"OK","Đồng ý"
"Offline Refunded","Offline Refunded"
"On Hold","On Hold"
"Online Refunded","Online Refunded"
"Order","Order"
"Order #","Order #"
"Order # ","Order # "
"Order # %s","Order # %s"
"Order # %s %s | %s","Order # %s %s | %s"
"Order #%s","Order #%s"
"Order #%s - %s","Order #%s - %s"
"Order API","Order API"
"Order Address Information","Order Address Information"
"Order Comment","Order Comment"
"Order Comment Email Sender","Order Comment Email Sender"
"Order Comment Email Template","Order Comment Email Template"
"Order Comment Email Template for Guest","Order Comment Email Template for Guest"
"Order Comments","Order Comments"
"Order Credit Memos","Order Credit Memos"
"Order Currency:","Order Currency:"
"Order Date","Order Date"
"Order Date (%s)","Order Date (%s)"
"Order Date: ","Order Date: "
"Order Date: %s","Order Date: %s"
"Order Details","Order Details"
"Order Grand Total","Tổng thanh toán đơn hàng"
"Order History","Order History"
"Order History Info","Order History Info"
"Order ID","Mã Đơn Hàng"
"Order Information","Order Information"
"Order Invoices","Order Invoices"
"Order Shipments","Order Shipments"
"Order State","Order State"
"Order Status","Order Status"
"Order Status Information","Order Status Information"
"Order Statuses","Order Statuses"
"Order Subtotal","Order Subtotal"
"Order Taxes Report Grouped by Tax Rates","Order Taxes Report Grouped by Tax Rates"
"Order Total","Order Total"
"Order Totals","Order Totals"
"Order Update","Order Update"
"Order Update for Guest","Order Update for Guest"
"Order View","Order View"
"Order credit memo","Order credit memo"
"Order does not allow to be canceled.","Order does not allow to be canceled."
"Order invoice","Order invoice"
"Order is suspended as its capture amount %s is suspected to be fraudulent.","Order is suspended as its capture amount %s is suspected to be fraudulent."
"Order object is not specified.","Order object is not specified."
"Order saving error: %s","Lỗi lưu đơn hàng: %s"
"Order shipments","Order shipments"
"Order status does not exist.","Order status does not exist."
"Order status with the same status code already exist.","Order status with the same status code already exist."
"Order was placed using %s","Order was placed using %s"
"Ordered","Đơn hàng"
"Ordered amount of %s.","Số lượng đơn hàng %s."
"Ordering amount of %s is pending approval on gateway.","Ordering amount of %s is pending approval on gateway."
"Orders","Đơn hàng"
"Orders and Returns","Đặt hàng và hoàn trả"
"Orders and Returns Search Form","Mẫu tìm kiếm đặt hàng và hoàn trả"
"Original Price","Giá gốc"
"Original order item that recurring payment profile correspondss to.","Original order item that recurring payment profile correspondss to."
"PDF Credit Memos","PDF Credit Memos"
"PDF Invoices","PDF Invoices"
"PDF Packingslips","PDF Packingslips"
"PDF Print-outs","PDF Print-outs"
"PDF object is not specified.","PDF object is not specified."
"PDF page object is not specified.","PDF page object is not specified."
"PDF total model should extend Mage_Sales_Model_Order_Pdf_Total_Default","PDF total model should extend Mage_Sales_Model_Order_Pdf_Total_Default"
"Package","Gói"
"Package types are disregarded for USPS domestic shipments.","Package types are disregarded for USPS domestic shipments."
"Packages","Packages"
"Packingslip # ","Packingslip # "
"Paid","Paid"
"Paid Amount","Paid Amount"
"Parent Transaction ID","Parent Transaction ID"
"Parent transaction ID must have a transaction ID.","Parent transaction ID must have a transaction ID."
"Partial","Partial"
"Payment Failed","Payment Failed"
"Payment Information","Payment Information"
"Payment Method","Payment Method"
"Payment Method Name","Payment Method Name"
"Payment Method:","Payment Method:"
"Payment Review","Payment Review"
"Payment disallow storing objects.","Payment disallow storing objects."
"Payment transactions disallow storing objects.","Payment transactions disallow storing objects."
"Payment type","Payment type"
"Payment update has been made.","Payment update has been made."
"Pending","Pending"
"Pending Payment","Pending Payment"
"Period","Khoảng"
"Place Order Using Billing Agreements","Place Order Using Billing Agreements"
"Placed from IP","Placed from IP"
"Please Select Products to Add","Please Select Products to Add"
"Please Select a Customer","Please Select a Customer"
"Please Select a Store","Please Select a Store"
"Please check billing address information. %s","Please check billing address information. %s"
"Please check shipping address information. %s","Please check shipping address information. %s"
"Please define PDF object before using.","Please define PDF object before using."
"Please enter positive number in this field.","Please enter positive number in this field."
"Please select a valid payment method.","Please select a valid payment method."
"Please specify a shipping method.","Please specify a shipping method."
"Please specify a valid grid column alias name that exists in grid table.","Please specify a valid grid column alias name that exists in grid table."
"Price","Giá"
"Print","Print"
"Print All","In tất cả"
"Print All Invoices","In tất cả hóa đơn"
"Print All Refunds","Print All Refunds"
"Print All Shipments","In tất cả các hoạt động giao hàng"
"Print Credit Memos","Print Credit Memos"
"Print Invoice","In hóa đơn"
"Print Invoices","In hóa đơn"
"Print Order","In đơn hàng"
"Print Order # %s","In đơn hàng # %s"
"Print Packingslips","Print Packingslips"
"Print Refund","In hoàn trả"
"Print Shipment","In giao hàng"
"Print Shipping Label","Print Shipping Label"
"Print Shipping Labels","Print Shipping Labels"
"Processing","Đang xử lý"
"Product","Sản phẩm"
"Product Name","Tên sản phẩm"
"Products","Sản phẩm"
"Products Bestsellers Report","Products Bestsellers Report"
"Products in Comparison List","Products in Comparison List"
"Products should be added to package(s)","Products should be added to package(s)"
"Profile #%s","Hồ sơ #%s"
"Profile Information","Thông tin hồ sơ"
"Profile State","Trạng thái hồ sơ"
"Profit","Profit"
"Promotion Coupons Usage Report","Promotion Coupons Usage Report"
"Proper payment object must be set.","Proper payment object must be set."
"Purchase Order Number:","Purchase Order Number:"
"Purchased From","Purchased From"
"Purchased From (Store)","Purchased From (Store)"
"Purchased Item","Purchased Item"
"Purchased On","Purchased On"
"Qty","SL"
"Qty Invoiced","SL hóa đơn"
"Qty Ordered","SL đơn hàng"
"Qty Shipped","SL giao hàng"
"Qty To Add","SL thêm vào"
"Qty to Add","SL thêm vào"
"Qty to Invoice","SL để hóa đơn"
"Qty to Refund","SL để trả lại"
"Qty to Ship","SL để giao hàng"
"Quantity Ordered","Số lượng đã bán"
"Quote item id is not received.","Quote item id is not received."
"Quote item is not loaded.","Quote item is not loaded."
"Rate","Đánh giá"
"Recent Orders","Hóa đơn mới"
"Recently Compared Products","Sản phẩm mới so sánh"
"Recently Viewed","Mới xem"
"Recently Viewed Products","Sản phẩm mới xem"
"Recurring Profile # %s","Hồ sơ định kỳ # %s"
"Recurring Profile Initial Fee","Recurring Profile Initial Fee"
"Recurring Profiles","Hồ sơ định kỳ"
"Recurring Profiles (beta)","Hồ sơ định kỳ (thử nghiệm)"
"Reference ID","Reference ID"
"Reference ID:","Reference ID:"
"Refresh","Làm mới"
"Refund","Refund"
"Refund #","Refund #"
"Refund #%s","Refund #%s"
"Refund Amount","Refund Amount"
"Refund Offline","Refund Offline"
"Refund Shipping","Refund Shipping"
"Refund Shipping (Excl. Tax)","Refund Shipping (Excl. Tax)"
"Refund Shipping (Incl. Tax)","Refund Shipping (Incl. Tax)"
"Refund Totals","Refund Totals"
"Refunded","Đã trả lại"
"Refunded amount of %s offline.","Refunded amount of %s offline."
"Refunded amount of %s online.","Refunded amount of %s online."
"Refunds","Refunds"
"Registered a Void notification.","Registered a Void notification."
"Registered notification about approved payment.","Registered notification about approved payment."
"Registered notification about captured amount of %s.","Registered notification about captured amount of %s."
"Registered notification about denied payment.","Registered notification about denied payment."
"Registered notification about refunded amount of %s.","Registered notification about refunded amount of %s."
"Registered update about approved payment.","Registered update about approved payment."
"Registered update about denied payment.","Registered update about denied payment."
"Regular Payment","Regular Payment"
"Related Orders","Related Orders"
"Remove","Loại bỏ"
"Remove Coupon Code","Remove Coupon Code"
"Remove tracking number","Remove tracking number"
"Reorder","Reorder"
"Retrieve credit memo info","Retrieve credit memo info"
"Retrieve credit memo information","Retrieve credit memo information"
"Retrieve credit memo list","Retrieve credit memo list"
"Retrieve invoice info","Retrieve invoice info"
"Retrieve invoice information","Retrieve invoice information"
"Retrieve list of credit memos by filters","Retrieve list of credit memos by filters"
"Retrieve list of invoices by filters","Retrieve list of invoices by filters"
"Retrieve list of orders by filters","Retrieve list of orders by filters"
"Retrieve list of shipments by filters","Retrieve list of shipments by filters"
"Retrieve order information","Retrieve order information"
"Retrieve orders info","Retrieve orders info"
"Retrieve shipment info","Retrieve shipment info"
"Retrieve shipment information","Retrieve shipment information"
"Return to Stock","Return to Stock"
"Returned","Returned"
"Returns","Returns"
"Revenue","Doanh thu"
"Row Subtotal","Tổng hàng"
"Row Total","Tổng hàng"
"SHIP TO:","SHIP TO:"
"SKU","SKU"
"SOLD TO:","SOLD TO:"
"Sales","Bán hàng"
"Sales Discount","Sales Discount"
"Sales Emails","Sales Emails"
"Sales Emails Section","Sales Emails Section"
"Sales Invoice Print View","Sales Invoice Print View"
"Sales Items","Sales Items"
"Sales Order Print View","Sales Order Print View"
"Sales Section","Sales Section"
"Sales Shipment Print View","Sales Shipment Print View"
"Sales Shipping","Sales Shipping"
"Sales Tax","Sales Tax"
"Sales Total","Sales Total"
"Same As Billing Address","Same As Billing Address"
"Save Order Address","Save Order Address"
"Save Status","Save Status"
"Save Status Assignment","Save Status Assignment"
"Save in address book","Save in address book"
"Schedule","Schedule"
"Select","Select"
"Select All","Chọn hết"
"Select from existing customer addresses:","Select from existing customer addresses:"
"Send Credit Memo Comment Email Copy To","Send Credit Memo Comment Email Copy To"
"Send Credit Memo Comments Email Copy Method","Send Credit Memo Comments Email Copy Method"
"Send Credit Memo Email Copy Method","Send Credit Memo Email Copy Method"
"Send Credit Memo Email Copy To","Send Credit Memo Email Copy To"
"Send Email","Send Email"
"Send Invoice Comment Email Copy To","Send Invoice Comment Email Copy To"
"Send Invoice Comments Email Copy Method","Send Invoice Comments Email Copy Method"
"Send Invoice Email Copy Method","Send Invoice Email Copy Method"
"Send Invoice Email Copy To","Send Invoice Email Copy To"
"Send Order Comment Email Copy To","Send Order Comment Email Copy To"
"Send Order Comments Email Copy Method","Send Order Comments Email Copy Method"
"Send Order Email","Send Order Email"
"Send Order Email Copy Method","Send Order Email Copy Method"
"Send Order Email Copy To","Send Order Email Copy To"
"Send Sales Emails","Send Sales Emails"
"Send Shipment Comment Email Copy To","Send Shipment Comment Email Copy To"
"Send Shipment Comments Email Copy Method","Send Shipment Comments Email Copy Method"
"Send Shipment Email Copy Method","Send Shipment Email Copy Method"
"Send Shipment Email Copy To","Send Shipment Email Copy To"
"Send Tracking Information","Send Tracking Information"
"Set order for existing transactions not allowed","Set order for existing transactions not allowed"
"Ship","Ship"
"Ship To","Ship To"
"Ship to Name","Ship to Name"
"Shipment","Vận chuyển"
"Shipment #","Shipment #"
"Shipment #%1$s | %3$s (%2$s)","Shipment #%1$s | %3$s (%2$s)"
"Shipment #%s","Shipment #%s"
"Shipment Comment Email Sender","Shipment Comment Email Sender"
"Shipment Comment Email Template","Shipment Comment Email Template"
"Shipment Comment Email Template for Guest","Shipment Comment Email Template for Guest"
"Shipment Comments","Ghi chú giao hàng"
"Shipment Email Sender","Shipment Email Sender"
"Shipment Email Template","Shipment Email Template"
"Shipment Email Template for Guest","Shipment Email Template for Guest"
"Shipment Update","Shipment Update"
"Shipment Update for Guest","Shipment Update for Guest"
"Shipments","Giao hàng"
"Shipped","Đã giao"
"Shipped By","Shipped By"
"Shipping","Giao hàng"
"Shipping & Handling","Giao hàng & Xử lý"
"Shipping &amp; Handling","Shipping &amp; Handling"
"Shipping &amp; Handling Information","Shipping &amp; Handling Information"
"Shipping Address","Địa chỉ giao hàng"
"Shipping Amount","Shipping Amount"
"Shipping Information","Shipping Information"
"Shipping Method","Shipping Method"
"Shipping Method:","Shipping Method:"
"Shipping Refund","Shipping Refund"
"Shipping and Tracking Information","Shipping and Tracking Information"
"Shopping Cart","Shopping Cart"
"Show Packages","Show Packages"
"Signature Confirmation","Signature Confirmation"
"Signed Up From","Signed Up From"
"Size","Size"
"Sku","Sku"
"Some of the products below do not have all the required options. Please edit them and configure all the required options.","Some of the products below do not have all the required options. Please edit them and configure all the required options."
"Sorry, no quotes are available for this order at this time.","Sorry, no quotes are available for this order at this time."
"Source object is not specified.","Source object is not specified."
"Specified profile does not exist.","Specified profile does not exist."
"State Code [State Title]","State Code [State Title]"
"State/Province","State/Province"
"Status","Hiện trạng"
"Status Code","Status Code"
"Status Label","Status Label"
"Status:","Trạng thái:"
"Store Credit","Store Credit"
"Store View Specific Labels","Store View Specific Labels"
"Street Address","Tên đường"
"Submit Comment","Xác nhận đánh giá"
"Submit Credit Memo","Xác nhận thanh toán"
"Submit Invoice","Xác nhận hóa đơn"
"Submit Invoice and Shipment","Xác nhận đơn hàng và giao hàng"
"Submit Order","Xác nhận đơn hàng"
"Submit Shipment","Xác nhận giao hàng"
"Subscribe to Newsletter","Đăng ký nhận tin mới"
"Subscribe to Order Status","Nhận tin trạng thái của sản phẩm"
"Subtotal","Tổng"
"Subtotal after discount.","Tổng sau khi giảm giá."
"Subtotal:","Tổng:"
"Suspected Fraud","Suspected Fraud"
"Suspend","Chờ"
"Suspended","Đang chờ"
"Tax","Thuế"
"Tax Amount","SL thuế"
"Tax Percent","Phần trăm thuế"
"Telephone","ĐT Bàn"
"The Order State ""%s"" must not be set manually.","The Order State ""%s"" must not be set manually."
"The address total model should be extended from Mage_Sales_Model_Quote_Address_Total_Abstract.","The address total model should be extended from Mage_Sales_Model_Quote_Address_Total_Abstract."
"The billing agreement ""%s"" has been canceled.","The billing agreement ""%s"" has been canceled."
"The billing agreement ""%s"" has been created.","The billing agreement ""%s"" has been created."
"The coupon code has been accepted.","The coupon code has been accepted."
"The message has been sent.","The message has been sent."
"The message was sent.","The message was sent."
"The order address has been updated.","The order address has been updated."
"The order email has been sent.","The order email has been sent."
"The order has been cancelled.","The order has been cancelled."
"The order has been created.","Tạo đơn hàng thành công."
"The order has been put on hold.","The order has been put on hold."
"The order has been released from holding status.","The order has been released from holding status."
"The order has not been cancelled.","The order has not been cancelled."
"The order status has been assigned.","The order status has been assigned."
"The order status has been saved.","The order status has been saved."
"The order status has been unassigned.","The order status has been unassigned."
"The order was not put on hold.","The order was not put on hold."
"The order was not unheld.","The order was not unheld."
"The order was placed using %s","The order was placed using %s"
"The order(s) cannot be canceled","The order(s) cannot be canceled"
"The payment has been accepted.","The payment has been accepted."
"The payment has been denied.","The payment has been denied."
"The payment has been voided.","The payment has been voided."
"The profile has been updated.","The profile has been updated."
"The profile has no changes.","The profile has no changes."
"The profile state has been updated.","The profile state has been updated."
"The quantity you want to add exceeds the total shipped quantity for some of selected Product(s)","The quantity you want to add exceeds the total shipped quantity for some of selected Product(s)"
"The requested Payment Method is not available.","The requested Payment Method is not available."
"The shipping label has been created.","The shipping label has been created."
"The transaction ""%s"" (%s) is already closed.","The transaction ""%s"" (%s) is already closed."
"The transaction ""%s"" cannot be captured yet.","The transaction ""%s"" cannot be captured yet."
"The value that you entered is not valid.","The value that you entered is not valid."
"There are no billing agreements yet.","There are no billing agreements yet."
"There are no printable documents related to selected orders.","There are no printable documents related to selected orders."
"There are no shipping labels related to selected %s.","There are no shipping labels related to selected %s."
"There is no need to approve this payment.","There is no need to approve this payment."
"There is no need to deny this payment.","There is no need to deny this payment."
"There is no update for the payment.","There is no update for the payment."
"This message will be shown in shopping cart when subtotal after discount less than minimum amount.","This message will be shown in shopping cart when subtotal after discount less than minimum amount."
"This operation requires an existing transaction object.","This operation requires an existing transaction object."
"This order contains (%s) items and therefore cannot be edited through the admin interface at this time, if you wish to continue editing the (%s) items will be removed, the order will be canceled and a new order will be placed.","This order contains (%s) items and therefore cannot be edited through the admin interface at this time, if you wish to continue editing the (%s) items will be removed, the order will be canceled and a new order will be placed."
"This order no longer exists.","This order no longer exists."
"This product does not have any configurable options","This product does not have any configurable options"
"This profile state cannot be changed to ""%s"".","This profile state cannot be changed to ""%s""."
"This will create an offline refund. To create an online refund, open an invoice and create credit memo for it. Do you wish to proceed?","This will create an offline refund. To create an online refund, open an invoice and create credit memo for it. Do you wish to proceed?"
"Tier Pricing","Tier Pricing"
"Title","Tiêu đề"
"To","Đến"
"To Name","To Name"
"To:","Đến:"
"Total","Tổng số"
"Total %d product(s)","Tổng %d sản phẩm"
"Total (ex)","Tổng (k thuế)"
"Total (inc)","Tổng (có thuế)"
"Total Due","Total Due"
"Total Invoiced","Tổng số hóa đơn"
"Total Invoiced Paid","Tổng hóa đơn đã trả"
"Total Invoiced VS Paid Report","Báo cáo tổng hóa đơn đã trả"
"Total Invoiced not Paid","Tổng hóa đơn chưa trả"
"Total Ordered Report","Báo cáo tổng đơn hàng"
"Total Paid","Tổng trả"
"Total Qty","Tổng SL"
"Total Refund","Tổng trả lại"
"Total Refunded","Tổng đã trả"
"Total Refunded Report","Báo cáo tổng đã trả lại"
"Total Sales Shipping","Tổng giao hàng đã bán"
"Total Shipped Report","Báo cáo tổng đã giao"
"Total Shipping","Tổng đã giao"
"Total Shipping Charges","Đã nhận tổng số giao hàng"
"Total Tax","Tổng thuế"
"Total Weight","Tổng cân nặng"
"Track Order","Theo dõi đơn hàng"
"Track all shipment(s)","Theo dõi tất cả giao hàng"
"Track all shipments","Theo dõi tất cả giao hàng"
"Track this shipment","Theo dõi giao hàng"
"Track your order","Theo dõi đơn hàng của bạn"
"Tracking","Theo dõi"
"Tracking Number","Số theo dõi"
"Tracking Number(s):","Số theo dõi:"
"Transaction ""%s"" was already processed.","Giao dịch ""%s"" đã được xử lý."
"Transaction # %s | %s","Giao dịch # %s | %s"
"Transaction ID","ID giao dịch"
"Transaction ID must not be empty.","Số của giao dịch k được rỗng."
"Transaction ID: ""%s"".","Transaction ID: ""%s""."
"Transaction Type","Kiểu giao dịch"
"Transactions","Giao dịch"
"Trial ","Trial "
"Trial Payment","Trial Payment"
"Trial Period","Trial Period"
"Trial period payment","Trial period payment"
"Type","Kiểu"
"Unassign","Chưa gán"
"Unhold","Xử lý"
"Unhold action is not available.","Đổi trạng thái qua xử lý không tồn tại."
"Unhold order","Xử lý đơn hàng"
"Unknown State","Trạng thái không xđ"
"Unknown Status","Không biết trạng thái"
"Unsupported transaction type ""%s"".","Unsupported transaction type ""%s""."
"Update Changes","Update Changes"
"Update Items and Qty\'s","Cập nhật SP và SL"
"Update Qty\'s","Cập nhật SL"
"Updated At","Cập nhật lúc"
"Updated:","Cập nhật:"
"Use Aggregated Data (beta)","Use Aggregated Data (beta)"
"Use Order Status As Default","Use Order Status As Default"
"Validate Each Address Separately in Multi-address Checkout","Validate Each Address Separately in Multi-address Checkout"
"Value","Giá trị"
"View","Xem"
"View All","Xem hết"
"View Another Order","Xem đơn hàng khác"
"View Order","Xem đơn hàng"
"Visible on Frontend","Hiển thị cho khách hàng"
"Void","Từ chối"
"Void invoice","Từ chối hóa đơn"
"Voided authorization.","Từ chối quyền hạn."
"Website","Website"
"Weight","Khối lượng"
"Whether buyer can define the date when billing for the profile begins.","Whether buyer can define the date when billing for the profile begins."
"Width","Rộng"
"Wishlist","Yêu thích"
"Wrong billing agreement ID specified.","Wrong billing agreement ID specified."
"Wrong quote item id to update configuration.","Wrong quote item id to update configuration."
"Wrong state: ""%s"".","Wrong state: ""%s""."
"Yes","Đồng ý"
"You can leave a box blank if you don\'t wish to add a gift message for whole order","You can leave a box blank if you don\'t wish to add a gift message for whole order"
"You have placed no orders.","Bạn chưa có giao dịch (đơn hàng) nào."
"You will be redirected to the payment system website.","You will be redirected to the payment system website."
"Your credit card will be charged for","Your credit card will be charged for"
"ZIP/Post Code","Mã quốc gia"
"Zip/Postal Code","Mã quốc gia"
"cm","cm"
"In","Trong"
"kg","kg"
"lb","lb"
"the credit memo email is not sent","the credit memo email is not sent"
"the credit memo email was sent","the credit memo email was sent"
"the invoice email is not sent","email hóa đơn chưa được gửi"
"the invoice email was sent","email hóa đơn đã được gửi"
"the order confirmation email is not sent","email xác nhận đơn hàng chưa được gửi"
"the order confirmation email was sent","email xác nhận đơn hàng đã được gửi"
"the shipment email is not sent","email vận giao hàng chưa được gửi"
"the shipment email was sent","email giao hàng đã được gửi"
