" The customer does not exist in the system anymore."," The customer does not exist in the system anymore."
" You will need to navigate to your "," You will need to navigate to your "
" [deleted]"," [xóa]"
" and "," và "
" and go to the "," and go to the "
" sections for your Hosted Checkout Pages."," sections for your Hosted Checkout Pages."
"%s (Default Template from Locale)","%s (Default Template from Locale)"
"%s cache type(s) disabled.","%s cache type(s) disabled."
"%s cache type(s) enabled.","%s cache type(s) enabled."
"%s cache type(s) refreshed.","%s cache type(s) refreshed."
"(For Type ""Local Server"" need to use relative path to Magento install var/export or var/import, e.g. var/export, var/import, var/export/some/dir, var/import/some/dir)","(For Type ""Local Server"" need to use relative path to Magento install var/export or var/import, e.g. var/export, var/import, var/export/some/dir, var/import/some/dir)"
"(For US 2-letter state names)","(For US 2-letter state names)"
"(If left empty will be auto-generated)","(If left empty will be auto-generated)"
"(Leave empty for first spreadsheet)","(Leave empty for first spreadsheet)"
"(Products will be added/updated to this store if 'store' column is blank or missing in the import file.)","(Products will be added/updated to this store if 'store' column is blank or missing in the import file.)"
"(Shift-)Click or drag to change value","(Shift-)Click or drag to change value"
"(Starting with)","(Starting with)"
"(When 'No', only mapped fields will be imported. When mapping, use 'column1', 'column2', etc.)","(When 'No', only mapped fields will be imported. When mapping, use 'column1', 'column2', etc.)"
"(You have to increase php memory_limit before changing this value)","(You have to increase php memory_limit before changing this value)"
"(\\t for tab)","(\\t for tab)"
"* - If indexing is in progress, it will be killed and new indexing process will start.","* - If indexing is in progress, it will be killed and new indexing process will start."
"- Click on any of the time parts to increase it","- Click on any of the time parts to increase it"
"- Hold mouse button on any of the above buttons for faster selection.","- Hold mouse button on any of the above buttons for faster selection."
"- Use the %s buttons to select month","- Use the %s buttons to select month"
"- Use the %s, %s buttons to select year","- Use the %s, %s buttons to select year"
"- or Shift-click to decrease it","- or Shift-click to decrease it"
"- or click and drag for faster selection.","- or click and drag for faster selection."
"-- Not Selected --","-- Not Selected --"
"-- Please Select --","-- Please Select --"
"-- Please Select Billing Agreement--","-- Please Select Billing Agreement--"
"-- Please Select a Category --","-- Please Select a Category --"
"-- Please select --","-- Please select --"
"--Please Select--","--Hãy chọn--"
"1 Hour","1 Giờ"
"1. set up","1. set up"
"12 Hours","12 Hours"
"12h AM/PM","12h AM/PM"
"2 Hours","2 Giờ"
"2. customize","2. customize"
"24 Hours","24 Giờ"
"24h","24h"
"2YTD","2YTD"
"6 Hours","6 Giờ"
"<h1 class=""page-heading"">404 Error</h1><p>Page not found.</p>","<h1 class=""page-heading"">404 Error</h1><p>Page not found.</p>"
"<strong>Attention</strong>: Captcha is case sensitive.","<strong>Attention</strong>: Captcha is case sensitive."
"A user with the same user name or email aleady exists.","A user with the same user name or email aleady exists."
"API Key","API Key"
"API Key Confirmation","API Key Confirmation"
"ASCII","ASCII"
"Abandoned Carts","Giỏ hàng bị hủy"
"About the calendar","About the calendar"
"Access Denied","Access Denied"
"Access denied","Access denied"
"Access denied.","Access denied."
"Account Created in:","Account Created in:"
"Account Created on (%s):","Account Created on (%s):"
"Account Created on:","Account Created on:"
"Account Information","Account Information"
"Account Status","Account Status"
"Account status","Account status"
"Action","Thao tác"
"Actions","Thao tác"
"Actions XML","Actions XML"
"Active","Kích hoạt"
"Add","Thêm"
"Add Exception","Add Exception"
"Add Field Mapping","Add Field Mapping"
"Add Field with URL:","Add Field with URL:"
"Add New","Thêm mới"
"Add New Image","Thêm hình mới"
"Add New Profile","Thêm hồ sơ mới"
"Add New Role","Add New Role"
"Add New Template","Add New Template"
"Add New URL Rewrite","Add New URL Rewrite"
"Add New User","Thêm người dùng mới"
"Add New Variable","Thêm biến mới"
"Add URL Rewrite","Add URL Rewrite"
"Add URL Rewrite for a Category","Add URL Rewrite for a Category"
"Add URL Rewrite for a Product","Add URL Rewrite for a Product"
"Add after","Add after"
"Additional Cache Management","Additional Cache Management"
"Address Type:","Kiểu địa chỉ:"
"Admin","Quản trị viên"
"Advanced Admin Section","Advanced Admin Section"
"Advanced Profiles","Advanced Profiles"
"Advanced Section","Advanced Section"
"ALL","TẤT CẢ"
"All Allowed Countries","Tất cả quốc gia được hỗ trợ"
"All Cache","Tất cả bộ đệm"
"All Files","Tất cả tệp"
"All Reviews","Tất cả đánh giá"
"All Store Views","Tất cả cửa hàng"
"All Tags","Tất cả Tags"
"All Websites","All Websites"
"All countries","Tất cả quốc gia"
"All fields","Tất cả trường"
"All possible rates were fetched, please click on ""Save"" to apply","All possible rates were fetched, please click on ""Save"" to apply"
"All rates were fetched, please click on ""Save"" to apply","All rates were fetched, please click on ""Save"" to apply"
"All valid rates have been saved.","All valid rates have been saved."
"Always (during development)","Always (during development)"
"Amounts","Số lượng"
"An error has occured while syncronizing media storages.","An error has occured while syncronizing media storages."
"An error occurred while clearing the JavaScript/CSS cache.","An error occurred while clearing the JavaScript/CSS cache."
"An error occurred while clearing the image cache.","An error occurred while clearing the image cache."
"An error occurred while deleting URL Rewrite.","An error occurred while deleting URL Rewrite."
"An error occurred while deleting email template data. Please review log and try again.","An error occurred while deleting email template data. Please review log and try again."
"An error occurred while deleting record(s).","An error occurred while deleting record(s)."
"An error occurred while deleting this role.","An error occurred while deleting this role."
"An error occurred while deleting this set.","An error occurred while deleting this set."
"An error occurred while deleting this template.","An error occurred while deleting this template."
"An error occurred while finishing process. Please refresh the cache","An error occurred while finishing process. Please refresh the cache"
"An error occurred while rebuilding the CatalogInventory Stock Status.","An error occurred while rebuilding the CatalogInventory Stock Status."
"An error occurred while rebuilding the catalog index.","An error occurred while rebuilding the catalog index."
"An error occurred while rebuilding the flat catalog category.","An error occurred while rebuilding the flat catalog category."
"An error occurred while rebuilding the flat product catalog.","An error occurred while rebuilding the flat product catalog."
"An error occurred while rebuilding the search index.","An error occurred while rebuilding the search index."
"An error occurred while refreshing the Catalog Rewrites.","An error occurred while refreshing the Catalog Rewrites."
"An error occurred while refreshing the Layered Navigation indices.","An error occurred while refreshing the Layered Navigation indices."
"An error occurred while refreshing the catalog rewrites.","An error occurred while refreshing the catalog rewrites."
"An error occurred while refreshing the layered navigation indices.","An error occurred while refreshing the layered navigation indices."
"An error occurred while saving URL Rewrite.","An error occurred while saving URL Rewrite."
"An error occurred while saving account.","An error occurred while saving account."
"An error occurred while saving review.","An error occurred while saving review."
"An error occurred while saving the customer.","An error occurred while saving the customer."
"An error occurred while saving this configuration:","An error occurred while saving this configuration:"
"An error occurred while saving this role.","An error occurred while saving this role."
"An error occurred while saving this template.","An error occurred while saving this template."
"An error occurred while updating the selected review(s).","An error occurred while updating the selected review(s)."
"Any","Mọi"
"Any Attribute Set","Any Attribute Set"
"Any Group","Mọi nhóm"
"Any Status","Mọi trạng thái"
"Any Store","Mọi cửa hàng"
"Any Type","Mọi kiểu"
"Any Visibility","Mọi hiển thị"
"Any data created since the backup was made will be lost including admin users, customers and orders.","Any data created since the backup was made will be lost including admin users, customers and orders."
"Archive file name:","Archive file name:"
"Are you sure that you want to delete this template?","Are you sure that you want to delete this template?"
"Are you sure that you want to strip tags?","Are you sure that you want to strip tags?"
"Are you sure you want to do this?","Are you sure you want to do this?"
"Are you sure you want to proceed?","Are you sure you want to proceed?"
"Area","Area"
"As low as:","As low as:"
"Assigned","Đã gán"
"Associated Tags","Associated Tags"
"Attribute Set Name:","Attribute Set Name:"
"Attributes","Thuộc tính"
"Automatic","Automatic"
"Average Order Amount","Trung bình mỗi đơn hàng"
"Average Orders","Trung bình mỗi đơn hàng"
"BINARY","BINARY"
"Back","Quay lại"
"Back to Login","Quay lại trang đăng nhập"
"Backup","Dự phòng"
"Backups","Dự phòng"
"Base currency","Tiền gốc"
"Bcc","Bcc"
"Bestsellers","Sản phẩm bán chạy"
"Billing Address","Địa chỉ nhận hàng"
"Billing Address: ","Địa chỉ nhận hàng: "
"Billing Agreement","Billing Agreement"
"Billing Agreements","Billing Agreements"
"Block Information","Thông tin Block"
"Both (without and with tax)","Both (without and with tax)"
"Both IPN and PDT","Both IPN and PDT"
"Browse Files...","Tìm tệp..."
"Bundle with dynamic pricing cannot include custom defined options. Options will not be saved.","Bundle with dynamic pricing cannot include custom defined options. Options will not be saved."
"CMS","Quản lý CMS"
"CRITICAL","CRITICAL"
"CSV","CSV"
"CSV / Tab separated","CSV / Tab separated"
"Cache Control","Điều khiển bộ đệm"
"Cache Control (beta)","Cache Control (beta)"
"Cache Management","Quản lý bộ đệm"
"Cache Type","Kiểu bộ đệm"
"Cancel","Hủy"
"Cannot add new comment.","Không thể thêm mới bình luận."
"Cannot add tracking number.","Cannot add tracking number."
"Cannot create an invoice without products.","Cannot create an invoice without products."
"Cannot create credit memo for the order.","Cannot create credit memo for the order."
"Cannot delete the design change.","Cannot delete the design change."
"Cannot delete tracking number.","Cannot delete tracking number."
"Cannot do shipment for the order separately from invoice.","Cannot do shipment for the order separately from invoice."
"Cannot do shipment for the order.","Cannot do shipment for the order."
"Cannot initialize shipment for adding tracking number.","Cannot initialize shipment for adding tracking number."
"Cannot initialize shipment for delete tracking number.","Cannot initialize shipment for delete tracking number."
"Cannot load track with retrieving identifier.","Cannot load track with retrieving identifier."
"Cannot retrieve tracking number detail.","Cannot retrieve tracking number detail."
"Cannot save shipment.","Không thể lưu lệnh giao hàng."
"Cannot save the credit memo.","Cannot save the credit memo."
"Cannot send shipment information.","Không thể gửi thông tin giao hàng."
"Cannot update item quantity.","Không thể cập nhật số lượng."
"Cannot update the item\'s quantity.","Không thể cập nhật số lượng của sản phẩm."
"Card Verification Number","Số kiểm tra của thẻ"
"Catalog","Danh mục"
"Catalog Price Rules","Catalog Price Rules"
"Catalog Rewrites","Catalog Rewrites"
"Categories","Danh mục"
"Category:","Loại hàng:"
"Chart is disabled. If you want to enable chart, click <a href=""%s"">here</a>.","Chart is disabled. If you want to enable chart, click <a href=""%s"">here</a>."
"Checkbox","Ô chọn"
"Child Transactions","Giao dịch con"
"Choose Store View","Chọn cửa hàng"
"Choose an attribute","Chọn một thuộc tính"
"Chosen category does not associated with any website, so url rewrite is not possible.","Chosen category does not associated with any website, so url rewrite is not possible."
"Chosen product does not associated with any website, so url rewrite is not possible.","Chosen product does not associated with any website, so url rewrite is not possible."
"Clear","Xóa"
"Close","Đóng"
"Comment text field cannot be empty.","Nội dung bình luận không được trống."
"Complete","Hoành thành"
"Configuration","Cấu hình"
"Confirm New Password","Xác nhận mật khẩu mới"
"Confirmed email:","Xác nhận email:"
"Connect with the Magento Community","Kết nối với cộng đồng Magento"
"Continue","Tiếp tục"
"Convert to Plain Text","Chuyển qua định dạng chữ"
"Cookie (unsafe)","Cookie (unsafe)"
"Country","Quốc gia"
"Country:","Quốc gia:"
"Coupons","Mã giảm giá"
"Create","Tạo"
"Create DB Backup","Create DB Backup"
"Create New Attribute","Create New Attribute"
"Create URL Rewrite:","Create URL Rewrite:"
"Created At","Đã tạo lúc"
"Credit Card %s","Thẻ tín dụng %s"
"Credit Card Number","Số thẻ tín dụng"
"Credit Card Number: xxxx-%s","Số thẻ tín dụng: xxxx-%s"
"Credit Card Type","Loại thẻ tín dụng"
"Credit Card Type: %s","Loại thẻ tín dụng: %s"
"Credit Memo History","Credit Memo History"
"Credit Memo Totals","Credit Memo Totals"
"Credit Memos","Credit Memos"
"Credit memo #%s comment added","Credit memo #%s comment added"
"Credit memo #%s created","Credit memo #%s created"
"Credit memo\'s total must be positive.","Credit memo\'s total must be positive."
"Currency","Currency"
"Currency ""%s"" is used as %s in %s.","Currency ""%s"" is used as %s in %s."
"Currency Information","Thông tin hiện tại"
"Currency Setup Section","Currency Setup Section"
"Current Configuration Scope:","Current Configuration Scope:"
"Current Month","Tháng này"
"Custom","Tùy chỉnh"
"Custom Variable ""%s""","Custom Variable ""%s"""
"Custom Variables","Custom Variables"
"Customer","Khách hàng"
"Customer Group:","Nhóm khách hàng:"
"Customer Groups","Nhóm khách hàng"
"Customer Name","Tên khách hàng"
"Customer Reviews","Khách hàng đánh giá"
"Customer Shopping Carts","Giỏ hàng của khách"
"Customer Since:","Là khách hàng từ:"
"Customer Tax Classes","Customer Tax Classes"
"Customer with the same email already exists.","Customer with the same email already exists."
"Customers","Khách hàng"
"Customers by Number of Orders","Số khách hàng bởi số đơn hàng"
"Customers by Orders Total","Số khách hàng bởi tổng số đơn hàng"
"DHTML Date/Time Selector","DHTML Date/Time Selector"
"Dashboard","Bàn điều khiển"
"Data Format","Kiểu dữ liệu"
"Data transfer:","Data transfer:"
"Database","Cở sở dữ liệu"
"Dataflow - Advanced Profiles","Dataflow - Advanced Profiles"
"Dataflow - Profiles","Dataflow - Profiles"
"Date","Ngày"
"Date & Time","Ngày & Giờ"
"Date Added","Ngày thêm"
"Date Updated","Date Updated"
"Date selection:","Chọn ngày:"
"Date selector","Date selector"
"Day","Thứ"
"Decimal separator:","Decimal separator:"
"Default (Admin) Values","Default (Admin) Values"
"Default Billing Address","Default Billing Address"
"Default Config","Default Config"
"Default Template from Locale","Default Template from Locale"
"Default Values","Default Values"
"Default display currency ""%s"" is not available in allowed currencies.","Default display currency ""%s"" is not available in allowed currencies."
"Default scope","Default scope"
"Delete","Xóa"
"Delete %s","Xóa %s"
"Delete %s '%s'","Delete %s '%s'"
"Delete File","Delete File"
"Delete Image","Delete Image"
"Delete Profile","Delete Profile"
"Delete Role","Delete Role"
"Delete Store","Delete Store"
"Delete Store View","Delete Store View"
"Delete Template","Delete Template"
"Delete User","Delete User"
"Delete Website","Delete Website"
"Description","Mô tả"
"Design","Design"
"Design Section","Design Section"
"Details","Chi tiết"
"Developer Section","Developer Section"
"Direction:","Direction:"
"Disable","Tắt"
"Disabled","Đã tắt"
"Display %s first","Display %s first"
"Display default currency","Display default currency"
"Distributed under GNU LGPL. See %s for details.","Distributed under GNU LGPL. See %s for details."
"Do you really want to KILL parallel process and start new indexing process?","Do you really want to KILL parallel process and start new indexing process?"
"Do you really want to proceed?","Do you really want to proceed?"
"Download","Tải xuống"
"Downloads","Downloads"
"Drag to move","Drag to move"
"Drop-down","Drop-down"
"Edit","Chỉnh sửa"
"Edit Design Change","Edit Design Change"
"Edit Email Template","Edit Email Template"
"Edit Poll","Edit Poll"
"Edit Queue","Edit Queue"
"Edit Review","Edit Review"
"Edit Role","Edit Role"
"Edit Store View","Sửa cửa hàng"
"Edit System Template","Edit System Template"
"Edit Template","Edit Template"
"Edit URL Rewrite","Edit URL Rewrite"
"Edit User","Edit User"
"Edit User '%s'","Edit User '%s'"
"Edit Website","Edit Website"
"Email","Email"
"Email Address:","Email Address:"
"Email Preview","Email Preview"
"Email to a Friend","Email to a Friend"
"Email:","Email:"
"Enable","Bật"
"Enabled","Đã bật"
"Enclose Values In:","Enclose Values In:"
"Entity Attributes","Entity Attributes"
"Entity Type","Entity Type"
"Entity type:","Entity type:"
"Error","Lỗi"
"Excel XML","Excel XML"
"Excl. Tax","Không thuế"
"Expiration Date","Ngày hết hạn"
"Expiration Date: %s/%s","Expiration Date: %s/%s"
"Export","Export"
"Export CSV","Export CSV"
"Export Filters","Export Filters"
"Export to:","Xuất ra:"
"Export:","Export:"
"FTP Host","FTP Host"
"FTP Host[:Port]","FTP Host[:Port]"
"FTP Login","FTP Login"
"FTP Password","FTP Password"
"FTP credentials","FTP credentials"
"Failed to add a product to cart by id ""%s"".","Failed to add a product to cart by id ""%s""."
"Failed to cancel the billing agreement.","Failed to cancel the billing agreement."
"Failed to clear the JavaScript/CSS cache.","Failed to clear the JavaScript/CSS cache."
"Failed to delete the billing agreement.","Failed to delete the billing agreement."
"Failed to update the profile.","Failed to update the profile."
"Field","Trường"
"Field Mapping","Field Mapping"
"File","File"
"File Information","File Information"
"File System","File System"
"File mode","File mode"
"File name:","File name:"
"File size should be more than 0 bytes","File size should be more than 0 bytes"
"Finished profile execution.","Finished profile execution."
"First Invoice Created Date","First Invoice Created Date"
"First Name","Tên"
"First Name is required field.","First Name is required field."
"First Name:","Tên:"
"Fixed","Cố định"
"Flush Catalog Images Cache","Flush Catalog Images Cache"
"Flush JavaScript/CSS Cache","Flush JavaScript/CSS Cache"
"For category","For category"
"For latest version visit: %s","For latest version visit: %s"
"For product","For product"
"Forgot Admin Password","Forgot Admin Password"
"Forgot your password?","Forgot your password?"
"Forgot your user name or password?","Forgot your user name or password?"
"From","Từ"
"GLOBAL","GLOBAL"
"Gb","Gb"
"General Information","Thông tin chung"
"General Section","Phần chung"
"Get Image Base64","Get Image Base64"
"Get help for this page","Trợ giúp"
"Global Attribute","Global Attribute"
"Global Record Search","Tìm kiếm"
"Global Search","Tìm kiếm"
"Go Today","Đến hôm nay"
"Go to messages inbox","Go to messages inbox"
"Go to notifications","Go to notifications"
"Google Base","Google Base"
"Google Content","Google Content"
"Google Sitemaps","Google Sitemaps"
"Grand Total","Tổng cộng"
"Grid (default) / List","Grid (default) / List"
"Grid Only","Grid Only"
"Group:","Group:"
"Guest","Khách"
"HTTP (unsecure)","HTTP (unsecure)"
"HTTPS (SSL)","HTTPS (SSL)"
"Help Us Keep Magento Healthy - Report All Bugs","Help Us Keep Magento Healthy - Report All Bugs"
"Helper attributes should not be used in custom layout updates.","Helper attributes should not be used in custom layout updates."
"Helper for options rendering doesn't implement required interface.","Helper for options rendering doesn't implement required interface."
"Home","Trang chủ"
"ID","ID"
"ID Path","ID Path"
"IP Address","IP Address"
"IPN (Instant Payment Notification) Only","IPN (Instant Payment Notification) Only"
"If there is an account associated with %s you will receive an email with a link to reset your password.","If there is an account associated with %s you will receive an email with a link to reset your password."
"If this message persists, please contact the store owner.","If this message persists, please contact the store owner."
"Images (.gif, .jpg, .png)","Images (.gif, .jpg, .png)"
"Images Cache","Images Cache"
"Import","Import"
"Import Service","Import Service"
"Import and Export","Import and Export"
"Import and Export Tax Rates","Import and Export Tax Rates"
"Import/Export","Import/Export"
"Import/Export Advanced","Import/Export Advanced"
"Import/Export Profile","Import/Export Profile"
"Important: ","Important: "
"Imported <strong>%s</strong> records","Imported <strong>%s</strong> records"
"In","Trong"
"In Database:","In Database:"
"In File:","In File:"
"Inactive","Chưa kích hoạt"
"Incl. Tax","Có thuế"
"Incoming Message","Incoming Message"
"Insert Variable...","Insert Variable..."
"Interactive","Interactive"
"Interface Locale: %s","Interface Locale: %s"
"Invalid Form Key. Please refresh the page.","Invalid Form Key. Please refresh the page."
"Invalid Import Service Specified","Invalid Import Service Specified"
"Invalid POST data (please check post_max_size and upload_max_filesize settings in your php.ini file).","Invalid POST data (please check post_max_size and upload_max_filesize settings in your php.ini file)."
"Invalid Secret Key. Please refresh the page.","Invalid Secret Key. Please refresh the page."
"Invalid User Name or Password.","Invalid User Name or Password."
"Invalid directory: %s","Invalid directory: %s"
"Invalid email address ""%s"".","Invalid email address ""%s""."
"Invalid email address.","Invalid email address."
"Invalid file: %s","Invalid file: %s"
"Invalid input data for %s => %s rate","Invalid input data for %s => %s rate"
"Invalid parent block for this block","Invalid parent block for this block"
"Invalid parent block for this block.","Invalid parent block for this block."
"Invalid password reset token.","Invalid password reset token."
"Invalid sender name ""%s"". Please use only visible characters and spaces.","Invalid sender name ""%s"". Please use only visible characters and spaces."
"Invalid timezone","Invalid timezone"
"Invalidated","Invalidated"
"Inventory Stock Status","Inventory Stock Status"
"Invoice #%s comment added","Invoice #%s comment added"
"Invoice #%s created","Invoice #%s created"
"Invoice History","Invoice History"
"Invoice Totals","Invoice Totals"
"Invoice canceling error.","Invoice canceling error."
"Invoice capturing error.","Invoice capturing error."
"Invoice voiding error.","Invoice voiding error."
"Invoices","Hóa đơn"
"Is Closed","Is Closed"
"Issue Number","Issue Number"
"Items","Sản phẩm"
"JavaScript seems to be disabled in your browser.","JavaScript seems to be disabled in your browser."
"JavaScript/CSS","JavaScript/CSS"
"JavaScript/CSS Cache","JavaScript/CSS Cache"
"Kb","Kb"
"Last 24 Hours","24 giờ qua"
"Last 5 Orders","5 Đơn đặt hàng mới nhất"
"Last 5 Search Terms","5 Từ khòa tìm gần đây"
"Last 7 Days","7 ngày qua"
"Last Credit Memo Created Date","Last Credit Memo Created Date"
"Last Invoice Created Date","Last Invoice Created Date"
"Last Logged In (%s):","Last Logged In (%s):"
"Last Logged In:","Last Logged In:"
"Last Name","Họ"
"Last Name is required field.","Last Name is required field."
"Last Name:","Last Name:"
"Last updated: %s. To refresh last day\'s <a href=""%s"">statistics</a>, click <a href=""%s"">here</a>.","Last updated: %s. To refresh last day\'s <a href=""%s"">statistics</a>, click <a href=""%s"">here</a>."
"Latest Message:","Latest Message:"
"Layered Navigation Indices","Layered Navigation Indices"
"Layered Navigation Indices were refreshed.","Layered Navigation Indices were refreshed."
"Leave empty to use tax identifier","Leave empty to use tax identifier"
"Lifetime Sales","Lifetime Sales"
"Lifetime statistics have been updated.","Lifetime statistics have been updated."
"Links","Liên kết"
"Links with associated products will retain only after saving current product.","Links with associated products will retain only after saving current product."
"List (default) / Grid","Danh sách (mặc định) / Lưới"
"List Only","Chỉ hiện danh sách"
"Load Template","Load Template"
"Load default template","Load default template"
"Loading...","Đang tải..."
"Local Server","Local Server"
"Local/Remote Server","Local/Remote Server"
"Locale","Locale"
"Log Out","Đăng Xuất"
"Log in to Admin Panel","Đăng nhập vào trang quản trị"
"Log into Magento Admin Page","Đăng nhập vào trang quản trị của Magento"
"Logged in as %s","Đã đăng nhập với %s"
"Login","Đăng nhập"
"Low Stock","Low Stock"
"MAJOR","CHÍNH"
"MINOR","PHỤ"
"MS Excel XML","MS Excel XML"
"Magento Admin","Magento Admin"
"Magento Commerce - Administrative Panel","Magento Commerce - Administrative Panel"
"Magento Connect","Magento Connect"
"Magento Connect Manager","Magento Connect Manager"
"Magento Logo","Magento Logo"
"Magento is a trademark of Magento Inc. Copyright &copy; %s Magento Inc.","Magento is a trademark of Magento Inc. Copyright &copy; %s Magento Inc."
"Magento root directory","Magento root directory"
"Magento ver. %s","Magento ver. %s"
"Magento&trade; is a trademark of Magento Inc.<br/>Copyright &copy; %s Magento Inc.","Magento&trade; is a trademark of Magento Inc.<br/>Copyright &copy; %s Magento Inc."
"Make sure that data encoding in the file is consistent and saved in one of supported encodings (UTF-8 or ANSI).","Make sure that data encoding in the file is consistent and saved in one of supported encodings (UTF-8 or ANSI)."
"Manage Attribute Sets","Quản lý nhóm thuộc tính"
"Manage Attributes","Quản lý thuộc tính"
"Manage Categories","Quản lý danh mục"
"Manage Content","Manage Content"
"Manage Currency Rates","Manage Currency Rates"
"Manage Customers","Manage Customers"
"Manage Ratings","Manage Ratings"
"Manage Stores","Manage Stores"
"Manage Tax Rules","Manage Tax Rules"
"Manage Tax Zones and Rates","Manage Tax Zones and Rates"
"Manual","Hướng dẫn"
"Matched Expression","Matched Expression"
"Mb","Mb"
"Media (.avi, .flv, .swf)","Media (.avi, .flv, .swf)"
"Media storages synchronization has completed!","Media storages synchronization has completed!"
"Messages Inbox","Messages Inbox"
"Month","Tháng"
"Most Viewed","Most Viewed"
"Most Viewed Products","Được xem nhiều nhất"
"Multiple Select","Nhiều lựa chọn"
"My Account","Tài khoản của tôi"
"N/A","N/A"
"NOTICE","NOTICE"
"Name","Tên"
"Name on Card","Tên trên thẻ"
"Name on the Card: %s","Tên trên thẻ: %s"
"Name:","Tên:"
"Never (production)","Never (production)"
"New ","Mới "
"New API Key","New API Key"
"New Accounts","Tài khoản mới"
"New Attribute","New Attribute"
"New Block","New Block"
"New Category","New Category"
"New Class","New Class"
"New Condition","New Condition"
"New Custom Variable","New Custom Variable"
"New Customer","New Customer"
"New Customers","New Customers"
"New Design Change","New Design Change"
"New Email Template","New Email Template"
"New Group","New Group"
"New Invoice","New Invoice"
"New Item Type","New Item Type"
"New Memo","New Memo"
"New Memo for #%s","New Memo for #%s"
"New Page","Trang mới"
"New Password","New Password"
"New Poll","New Poll"
"New Profile","New Profile"
"New Rate","New Rate"
"New Rating","Đánh giá mới"
"New Review","New Review"
"New Role","New Role"
"New Rule","New Rule"
"New Search","Tìm kiếm mới"
"New Set","New Set"
"New Shipment","New Shipment"
"New Sitemap","New Sitemap"
"New Store View","New Store View"
"New System Template","New System Template"
"New Tag","New Tag"
"New Template","New Template"
"New User","Người Dùng Mới"
"New Variable","New Variable"
"New Website","New Website"
"New attribute set mapping","New attribute set mapping"
"New password field cannot be empty.","New password field cannot be empty."
"Newsletter","Thông báo mới"
"Newsletter Problems","Newsletter Problems"
"Newsletter Queue","Newsletter Queue"
"Newsletter Subscribers","Newsletter Subscribers"
"Newsletter Templates","Newsletter Templates"
"Next month (hold for menu)","Next month (hold for menu)"
"Next year (hold for menu)","Next year (hold for menu)"
"No","Không"
"No (price without tax)","Không (giá không thuế)"
"No Data Found","Không tìm thấy dữ liệu"
"No Templates Found","No Templates Found"
"No change","Không có thay đổi"
"No customer id defined.","No customer id defined."
"No information available.","No information available."
"No profile loaded...","No profile loaded..."
"No records found for this period.","Không có dữ liệu nào trong thời gian này."
"No records found.","Không có dữ liệu."
"No report code specified.","No report code specified."
"No search keywords.","Không có từ khóa."
"No search modules were registered","No search modules were registered"
"No wishlist item id defined.","No wishlist item id defined."
"None","Không"
"Note:","Note:"
"Notes","Notes"
"Notifications","Thông báo"
"Number of Orders","Số đơn hàng"
"Number of Uses","Số người tìm"
"Number of Views","Số người xem"
"Number of records:","Số lượng dữ liệu:"
"OK","Đồng ý"
"Old rate:","Old rate:"
"One or more media files failed to be synchronized during the media storages syncronization process. Refer to the log file for details.","One or more media files failed to be synchronized during the media storages syncronization process. Refer to the log file for details."
"One or more of the Cache Types are invalidated:","Một hoặc nhiều Bộ Đệm không hợp lệ:"
"Online Customers","Khách hàng trực tuyến"
"Only Once (version upgrade)","Only Once (version upgrade)"
"Only attributes with scope ""Global"", input type ""Dropdown"" and Use To Create Configurable Product ""Yes"" are available.","Only attributes with scope ""Global"", input type ""Dropdown"" and Use To Create Configurable Product ""Yes"" are available."
"Only mapped fields","Only mapped fields"
"Optional","Tùy chọn"
"Options","Tùy chọn"
"Order","Đơn hàng"
"Order #%s","Đơn hàng #%s"
"Order #%s (%s)","Đơn hàng #%s (%s)"
"Order Created Date","Đặt mua ngày"
"Order ID","Mã Đơn Hàng"
"Order Totals","Tổng đơn hàng"
"Order Updated Date","Order Updated Date"
"Order Updated Date report is real-time, does not need statistics refreshing.","Order Updated Date report is real-time, does not need statistics refreshing."
"Orders","Đơn hàng"
"Original Magento attribute names in first row:","Original Magento attribute names in first row:"
"Out of stock","Hết hàng"
"PDT (Payment Data Transfer) Only","PDT (Payment Data Transfer) Only"
"Package Extensions","Package Extensions"
"Pages","Trang"
"Parent Product Thumbnail","Parent Product Thumbnail"
"Parent Transaction ID","Parent Transaction ID"
"Passive mode","Passive mode"
"Password","Mật khẩu"
"Password Confirmation","Nhập lại mật khẩu"
"Password confirmation must be same as password.","Password confirmation must be same as password."
"Password must be at least of %d characters.","Password must be at least of %d characters."
"Password must include both numeric and alphabetic characters.","Password must include both numeric and alphabetic characters."
"Password:","Mật khẩu:"
"Path:","Đường dẫn:"
"PayPal Manager","PayPal Manager"
"Payment method instance is not available.","Payment method instance is not available."
"Payment method is not available.","Payment method is not available."
"Payment method must be specified.","Payment method must be specified."
"Pending Reviews","Pending Reviews"
"Pending Tags","Pending Tags"
"Per Item","Mỗi Sản Phẩm"
"Per Order","Mỗi đơn hàng"
"Percent","Phần trăm"
"Performed At","Performed At"
"Period","Khoảng"
"Permanent (301)","Permanent (301)"
"Permissions","Quyền hạn"
"Personal Information","Thông tin cá nhân"
"Phone:","Điện thoại:"
"Please Select","Mời chọn"
"Please confirm site switching. All data that hasn\'t been saved will be lost.","Please confirm site switching. All data that hasn\'t been saved will be lost."
"Please enter 6 or more characters.","Bãn phải nhập ít nhất 6 ký tự."
"Please enter a number greater than 0 in this field.","Please enter a number greater than 0 in this field."
"Please enter a valid $ amount. For example $100.00.","Please enter a valid $ amount. For example $100.00."
"Please enter a valid URL. For example http://www.example.com or www.example.com","Please enter a valid URL. For example http://www.example.com or www.example.com"
"Please enter a valid URL. http:// is required","Please enter a valid URL. http:// is required"
"Please enter a valid credit card number.","Please enter a valid credit card number."
"Please enter a valid date.","Please enter a valid date."
"Please enter a valid email address. For example johndoe@domain.com.","Please enter a valid email address. For example johndoe@domain.com."
"Please enter a valid email.","Please enter a valid email."
"Please enter a valid number in this field.","Please enter a valid number in this field."
"Please enter a valid phone number. For example (123) 456-7890 or 123-456-7890.","Please enter a valid phone number. For example (123) 456-7890 or 123-456-7890."
"Please enter a valid social security number. For example 123-45-6789.","Please enter a valid social security number. For example 123-45-6789."
"Please enter a valid value from list","Please enter a valid value from list"
"Please enter a valid value, ex: 10,20,30","Please enter a valid value, ex: 10,20,30"
"Please enter a valid zip code.","Please enter a valid zip code."
"Please enter a valid zip code. For example 90602 or 90602-1234.","Please enter a valid zip code. For example 90602 or 90602-1234."
"Please enter another credit card number to complete your purchase.","Please enter another credit card number to complete your purchase."
"Please enter password","Please enter password"
"Please enter password to confirm rollback.","Please enter password to confirm rollback."
"Please enter valid password.","Please enter valid password."
"Please make sure that all global admin search modules are installed and activated.","Please make sure that all global admin search modules are installed and activated."
"Please make sure that your changes were saved before running the profile.","Please make sure that your changes were saved before running the profile."
"Please make sure your passwords match.","Please make sure your passwords match."
"Please select State/Province.","Please select State/Province."
"Please select a customer.","Please select a customer."
"Please select a store.","Please select a store."
"Please select an option.","Please select an option."
"Please select catalog searches.","Please select catalog searches."
"Please select customer(s).","Please select customer(s)."
"Please select message(s).","Please select message(s)."
"Please select one of the above options.","Please select one of the above options."
"Please select one of the options.","Please select one of the options."
"Please select review(s).","Please select review(s)."
"Please select tag(s).","Hãy lựa chọn tag(s)."
"Please specify the admin custom URL.","Please specify the admin custom URL."
"Please try to logout and sign in again.","Please try to logout and sign in again."
"Please type the letters from the image:","Please type the letters from the image:"
"Please use in this field only ""a-z,0-9,_"".","Please use in this field only ""a-z,0-9,_""."
"Please use letters only (a-z) in this field.","Please use letters only (a-z) in this field."
"Please use numbers only in this field. Please avoid spaces or other characters such as dots or commas.","Please use numbers only in this field. Please avoid spaces or other characters such as dots or commas."
"Please use only letters (a-z) or numbers (0-9) only in this field. No spaces or other characters are allowed.","Please use only letters (a-z) or numbers (0-9) only in this field. No spaces or other characters are allowed."
"Please use only letters (a-z) or numbers (0-9) or spaces and # only in this field.","Please use only letters (a-z) or numbers (0-9) or spaces and # only in this field."
"Please use this date format: dd/mm/yyyy. For example 17/03/2006 for the 17th of March, 2006.","Please use this date format: dd/mm/yyyy. For example 17/03/2006 for the 17th of March, 2006."
"Please wait while the indexes are being refreshed.","Please wait while the indexes are being refreshed."
"Please wait, loading...","Vui lòng đợi..."
"Please wait...","Vui lòng đợi..."
"Please, add some answers to this poll first.","Please, add some answers to this poll first."
"Please, select ""Visible in Stores"" for this poll first.","Please, select ""Visible in Stores"" for this poll first."
"Poll Manager","Poll Manager"
"Polls","Polls"
"Popular","Phổ biến"
"Position of Watermark for %s","Position of Watermark for %s"
"Pregenerated product images files.","Pregenerated product images files."
"Prev. month (hold for menu)","Prev. month (hold for menu)"
"Prev. year (hold for menu)","Prev. year (hold for menu)"
"Preview","Xem trước"
"Preview Template","Preview Template"
"Price","Giá tiền"
"Price alert subscription was saved.","Price alert subscription was saved."
"Price:","Giá tiền:"
"Processed <strong>%s%% %s/%d</strong> records","Đã xử lý <strong>%s%% %s/%d</strong> dữ liệu"
"Product","Sản phẩm"
"Product Name","Tên sản phẩm"
"Product Reviews","Đánh giá sản phẩm"
"Product Tax Classes","Product Tax Classes"
"Product Thumbnail Itself","Product Thumbnail Itself"
"Product is not loaded.","Product is not loaded."
"Product:","Sản phẩm:"
"Products","Sản phẩm"
"Products Bestsellers Report","Products Bestsellers Report"
"Products Most Viewed Report","Products Most Viewed Report"
"Products Ordered","Sản phẩm đã mua"
"Products in Carts","Sản phẩm trong giỏ hàng"
"Profile Action","Profile Action"
"Profile Actions XML","Profile Actions XML"
"Profile Direction","Profile Direction"
"Profile History","Profile History"
"Profile Information","Profile Information"
"Profile Name","Tên hồ sơ"
"Profile Payments","Hồ sơ thanh toán"
"Profile Schedule","Profile Schedule"
"Profile Wizard","Profile Wizard"
"Profiles","Hồ sơ"
"Promo","Promo"
"Promotions","Khuyến mãi"
"Purchased Item","Purchased Item"
"Put store on the maintenance mode while backup creation","Put store on the maintenance mode while backup creation"
"Put store on the maintenance mode while rollback processing","Put store on the maintenance mode while rollback processing"
"Quantity","Số lượng"
"Queue Refresh","Queue Refresh"
"Queued... Cancel","Queued... Cancel"
"Radio Buttons","Radio Buttons"
"Rates","Đánh giá"
"Read details","Đọc chi tiết"
"Rebuild","Rebuild"
"Rebuild Catalog Index","Rebuild Catalog Index"
"Rebuild Flat Catalog Category","Rebuild Flat Catalog Category"
"Rebuild Flat Catalog Product","Rebuild Flat Catalog Product"
"Recent Orders","Hóa đơn mới"
"Recent statistics have been updated.","Recent statistics have been updated."
"Recurring Profile View","Recurring Profile View"
"Recursive Dir","Recursive Dir"
"Redirect","Chuyển hướng"
"Reference","Tham khảo"
"Reference ID","Reference ID"
"Refresh","Làm mới"
"Refresh Now*","Refresh Now*"
"Refresh Statistics","Refresh Statistics"
"Region/State","Region/State"
"Regular Price:","Giá thường:"
"Release","Phát hành"
"Release Stability","Bản phát hành ổn định"
"Release Version","Phiên bản phát hành"
"Reload captcha","Reload captcha"
"Remote FTP","Remote FTP"
"Remove","Loại bỏ"
"Reports","Báo cáo"
"Request Path","Request Path"
"Required","Bắt buộc"
"Reset","Làm lại"
"Reset Filter","Lọc lại"
"Reset Password","Reset Password"
"Reset a Password","Reset a Password"
"Resize","Resize"
"Resource Access","Resource Access"
"Resources","Tài Nguyên"
"Results","Kết quả"
"Retrieve Password","Retrieve Password"
"Return Html Version","Return Html Version"
"Revenue","Lợi nhuận"
"Reviews","Nhận xét"
"Reviews and Ratings","Nhận xét, thanh điểm"
"Rewrite Rules","Rewrite Rules"
"Role ID","Role ID"
"Role Info","Role Info"
"Role Information","Role Information"
"Role Name","Role Name"
"Role Resources","Role Resources"
"Role Users","Role Users"
"Roles","Roles"
"Roles Resources","Roles Resources"
"Rotate CCW","Rotate CCW"
"Rotate CW","Rotate CW"
"Run","Run"
"Run Profile","Run Profile"
"Run Profile Inside This Window","Run Profile Inside This Window"
"Run Profile in Popup","Run Profile in Popup"
"Running... Kill","Running... Kill"
"SKU","SKU"
"SKU:","SKU:"
"SSL Error: Invalid or self-signed certificate","SSL Error: Invalid or self-signed certificate"
"Sales","Sales"
"Sales Report","Sales Report"
"Samples","Ví dụ"
"Save","Lưu lại"
"Save & Generate","Lưu lại và tạo mới"
"Save Account","Lưu tài khoản"
"Save Cache Settings","Lưu lại"
"Save Config","Lưu lại"
"Save Currency Rates","Lưu lại"
"Save Profile","Lưu lại"
"Save Role","Lưu lại"
"Save Template","Lưu lại"
"Save User","Lưu lại"
"Save and Continue Edit","Lưu lại và sửa tiếp"
"Search","Tìm"
"Search Index","Search Index"
"Search Term","Từ khóa"
"Search Terms","Từ khóa"
"Select","Mời chọn"
"Select All","Chọn tất cả"
"Select Category","Mời chọn"
"Select Date","Mời chọn"
"Select Range","Mời chọn"
"Select date","Mời chọn"
"Selected allowed currency ""%s"" is not available in installed currencies.","Selected allowed currency ""%s"" is not available in installed currencies."
"Selected base currency is not available in installed currencies.","Selected base currency is not available in installed currencies."
"Selected default display currency is not available in allowed currencies.","Selected default display currency is not available in allowed currencies."
"Selected default display currency is not available in installed currencies.","Selected default display currency is not available in installed currencies."
"Self-assigned roles cannot be deleted.","Self-assigned roles cannot be deleted."
"Sender","Người gửi"
"Separate Email","Separate Email"
"Service Settings","Service Settings"
"Set up & Customize","Cài đặt và hiệu chỉnh"
"Shipment #%s comment added","Shipment #%s comment added"
"Shipment #%s created","Lệnh giao hàng đã được tạo #%s"
"Shipment Comments","Ghi chú giao hàng"
"Shipment History","Lịch sử giao hàng"
"Shipments","Giao hàng"
"Shipping","Giao hàng"
"Shipping Address","Địa chỉ giao hàng"
"Shipping Address: ","Địa chỉ giao hàng: "
"Shipping Origin","Shipping Origin"
"Shipping Price","Phí giao hàng"
"Shipping address selection is not applicable","Shipping address selection is not applicable"
"Shipping method must be specified.","Shipping method must be specified."
"Shipping method selection is not applicable","Shipping method selection is not applicable"
"Shopping Cart","Shopping Cart"
"Shopping Cart Price Rules","Shopping Cart Price Rules"
"Shopping Cart from %s","Shopping Cart from %s"
"Show By","Hiển thị bởi"
"Show Report For","Show Report For"
"Show Reviews","Show Reviews"
"Sitemap Information","Sitemap Information"
"Size for %s","Cỡ cho %s"
"Skip Category Selection","Skip Category Selection"
"Some items in this order have different invoice and shipment types. You can create shipment only after the invoice is created.","Some items in this order have different invoice and shipment types. You can create shipment only after the invoice is created."
"Some of the ordered items do not exist in the catalog anymore and will be removed if you try to edit the order.","Some of the ordered items do not exist in the catalog anymore and will be removed if you try to edit the order."
"Sorry, this feature is coming soon...","Sorry, this feature is coming soon..."
"Special Price:","Giá đặc biệt:"
"Specific Countries","Specific Countries"
"Specified","Specified"
"Specified profile does not exist.","Specified profile does not exist."
"Spreadsheet Name:","Spreadsheet Name:"
"Start Date","Start Date"
"Starting profile execution, please wait...","Starting profile execution, please wait..."
"State/Province:","Tỉnh/Huyện:"
"Static Blocks","Khối tĩnh"
"Status","Hiện trạng"
"Status:","Trạng thái:"
"Stock Quantity:","Số lượng kho hàng:"
"Stock notification was saved.","Stock notification was saved."
"Store","Store"
"Store Email Addresses Section","Store Email Addresses Section"
"Store View","Cửa hàng"
"Store:","Cửa hàng:"
"Stores","Cửa hàng"
"Subject","Chủ đề"
"Submit","Đồng ý"
"Subpackage cannot be conflicting.","Subpackage cannot be conflicting."
"Subtotal","Tổng"
"Switch/Solo card issue number: %s","Switch/Solo card issue number: %s"
"Switch/Solo card start Date: %s/%s","Switch/Solo card start Date: %s/%s"
"Switch/Solo/Maestro Only","Switch/Solo/Maestro Only"
"Switch/Solo/Maestro(UK Domestic) Only","Switch/Solo/Maestro(UK Domestic) Only"
"Switch/Solo/Maestro(UK Domestic) card issue number: %s","Switch/Solo/Maestro(UK Domestic) card issue number: %s"
"Switch/Solo/Maestro(UK Domestic) card start Date: %s/%s","Switch/Solo/Maestro(UK Domestic) card start Date: %s/%s"
"Synchronization is required.","Synchronization is required."
"Synchronization of media storages has been successfully completed.","Synchronization of media storages has been successfully completed."
"Synchronize","Đồng bộ"
"Synchronizing %s to %s","Đang đồng bộ %s đến %s"
"Synchronizing...","Đang đồng bộ..."
"System","Hệ thống"
"System Section","Phần hệ thống"
"System busy","Hệ thống bận"
"Tags","Tags"
"Target Path","Target Path"
"Tax","Thuế"
"Tb","Tb"
"Template","Giao diện"
"Template Content","Template Content"
"Template Information","Template Information"
"Template Name","Template Name"
"Template Styles","Template Styles"
"Template Subject","Template Subject"
"Template Type","Template Type"
"Temporary (302)","Temporary (302)"
"Terms and Conditions","Terms and Conditions"
"Text","Chữ"
"The Catalog Rewrites were refreshed.","The Catalog Rewrites were refreshed."
"The CatalogInventory Stock Status has been rebuilt.","The CatalogInventory Stock Status has been rebuilt."
"The Comment Text field cannot be empty.","The Comment Text field cannot be empty."
"The Flat Catalog Product was rebuilt","The Flat Catalog Product was rebuilt"
"The JavaScript/CSS cache has been cleaned.","The JavaScript/CSS cache has been cleaned."
"The JavaScript/CSS cache has been cleared.","The JavaScript/CSS cache has been cleared."
"The Layered Navigation indexing has been queued.","The Layered Navigation indexing has been queued."
"The Layered Navigation indexing queue has been canceled.","The Layered Navigation indexing queue has been canceled."
"The Layered Navigation indices were refreshed.","The Layered Navigation indices were refreshed."
"The Layered Navigation process has been queued to be killed.","The Layered Navigation process has been queued to be killed."
"The Magento cache storage has been flushed.","The Magento cache storage has been flushed."
"The URL Rewrite has been deleted.","The URL Rewrite has been deleted."
"The URL Rewrite has been saved.","The URL Rewrite has been saved."
"The account has been saved.","The account has been saved."
"The archive can be uncompressed with <a href=""%s"">%s</a> on Windows systems","The archive can be uncompressed with <a href=""%s"">%s</a> on Windows systems"
"The attribute set has been removed.","The attribute set has been removed."
"The backup's creation process will take time.","The backup's creation process will take time."
"The billing agreement has been canceled.","The billing agreement has been canceled."
"The billing agreement has been deleted.","The billing agreement has been deleted."
"The cache storage has been flushed.","The cache storage has been flushed."
"The carrier needs to be specified.","The carrier needs to be specified."
"The catalog index has been rebuilt.","The catalog index has been rebuilt."
"The catalog rewrites have been refreshed.","The catalog rewrites have been refreshed."
"The configuration has been saved.","The configuration has been saved."
"The credit memo has been canceled.","The credit memo has been canceled."
"The credit memo has been created.","The credit memo has been created."
"The credit memo has been voided.","The credit memo has been voided."
"The custom variable has been deleted.","The custom variable has been deleted."
"The custom variable has been saved.","The custom variable has been saved."
"The customer has been deleted.","The customer has been deleted."
"The customer has been saved.","The customer has been saved."
"The design change has been deleted.","The design change has been deleted."
"The design change has been saved.","The design change has been saved."
"The email address is empty.","The email address is empty."
"The email template has been deleted.","The email template has been deleted."
"The email template has been saved.","The email template has been saved."
"The flat catalog category has been rebuilt.","The flat catalog category has been rebuilt."
"The group node name must be specified with field node name.","The group node name must be specified with field node name."
"The image cache was cleaned.","The image cache was cleaned."
"The image cache was cleared.","The image cache was cleared."
"The invoice and shipment have been created.","Hóa đơn và giao hàng đã được tạo."
"The invoice and the shipment  have been created. The shipping label cannot be created at the moment.","The invoice and the shipment  have been created. The shipping label cannot be created at the moment."
"The invoice has been canceled.","Hóa đơn đã bị hủy."
"The invoice has been captured.","Hóa đơn đã được giữ lại."
"The invoice has been created.","Hóa đơn đã được tạo."
"The invoice has been voided.","The invoice has been voided."
"The invoice no longer exists.","The invoice no longer exists."
"The item %s (SKU %s) does not exist in the catalog anymore.","The item %s (SKU %s) does not exist in the catalog anymore."
"The order does not allow creating an invoice.","The order does not allow creating an invoice."
"The order no longer exists.","The order no longer exists."
"The poll has been deleted.","The poll has been deleted."
"The poll has been saved.","The poll has been saved."
"The profile has been deleted.","The profile has been deleted."
"The profile has been saved.","The profile has been saved."
"The profile has been updated.","The profile has been updated."
"The profile has no changes.","The profile has no changes."
"The profile you are trying to save no longer exists","The profile you are trying to save no longer exists"
"The rating has been deleted.","The rating has been deleted."
"The rating has been saved.","The rating has been saved."
"The role has been deleted.","The role has been deleted."
"The role has been saved.","The role has been saved."
"The role has been successfully saved.","The role has been successfully saved."
"The search index has been rebuilt.","The search index has been rebuilt."
"The shipment has been created.","Đã tạo xong một giao hàng."
"The shipment has been sent.","Giấy giao hàng đã được gửi."
"The shipping label has been created.","The shipping label has been created."
"The tag has been deleted.","The tag has been deleted."
"The tag has been saved.","The tag has been saved."
"The transaction details have been updated.","The transaction details have been updated."
"The user has been deleted.","The user has been deleted."
"The user has been saved.","The user has been saved."
"Themes JavaScript and CSS files combined to one file.","Themes JavaScript and CSS files combined to one file."
"There is an error in one of the option rows.","There is an error in one of the option rows."
"This Account is","This Account is"
"This Email template no longer exists.","This Email template no longer exists."
"This Role no longer exists","This Role no longer exists"
"This Role no longer exists.","This Role no longer exists."
"This account is","This account is"
"This account is inactive.","This account is inactive."
"This action cannot be undone.","This action cannot be undone."
"This attribute set does not have attributes which we can use for configurable product","This attribute set does not have attributes which we can use for configurable product"
"This attribute shares the same value in all the stores","This attribute shares the same value in all the stores"
"This is a demo store. Any orders placed through this store will not be honored or fulfilled.","Website này đang trong giai đoạn thử nghiệm, do vậy các đơn hàng không có tác dụng."
"This is a required field.","This is a required field."
"This product is currently disabled.","This product is currently disabled."
"This report depends on timezone configuration. Once timezone is changed, the lifetime statistics need to be refreshed.","This report depends on timezone configuration. Once timezone is changed, the lifetime statistics need to be refreshed."
"This section is not allowed.","This section is not allowed."
"This user no longer exists.","This user no longer exists."
"Time","Thời gian"
"Time selection:","Time selection:"
"Time:","Thời gian:"
"Timeout limit for response from synchronize process was reached.","Timeout limit for response from synchronize process was reached."
"To","Đến"
"To cancel pending authorizations and release amounts that have already been processed during this payment, click Cancel.","To cancel pending authorizations and release amounts that have already been processed during this payment, click Cancel."
"To use PayPal Payflow Link you must configure some settings in your Payflow account by logging into","To use PayPal Payflow Link you must configure some settings in your Payflow account by logging into"
"To use PayPal Payments Advanced you must configure some settings in your PayPal Payments Advanced account by logging into","To use PayPal Payments Advanced you must configure some settings in your PayPal Payments Advanced account by logging into"
"Toggle Editor","Toggle Editor"
"Tools","Công cụ"
"Top 5 Search Terms","5 Từ khóa tìm nhiều nhất"
"Total","Tổng số"
"Total Invoiced","Tổng số hóa đơn"
"Total Order Amount","Tổng số đơn hàng"
"Total Refunded","Tiền hoàn trả"
"Total of %d record(s) have been deleted.","Total of %d record(s) have been deleted."
"Total of %d record(s) have been updated.","Total of %d record(s) have been updated."
"Total of %d record(s) were canceled.","Total of %d record(s) were canceled."
"Total of %d record(s) were deleted","Total of %d record(s) were deleted"
"Total of %d record(s) were deleted.","Total of %d record(s) were deleted."
"Total of %d record(s) were updated","Total of %d record(s) were updated"
"Total of %d record(s) were updated.","Total of %d record(s) were updated."
"Track Order","Theo dõi đơn hàng"
"Track this shipment","Theo dõi giao hàng"
"Tracking number %s for %s assigned","Tracking number %s for %s assigned"
"Tracking number cannot be empty.","Tracking number cannot be empty."
"Transaction Data","Dữ liệu"
"Transaction Details","Chi tiết giao dịch"
"Transaction ID","ID giao dịch"
"Transaction Type","Kiểu giao dịch"
"Transactional Emails","Emails giao dịch"
"Transactions","Giao dịch"
"Try Magento Go for Free","Dùng thử Magento miễn phí"
"Type","Kiểu"
"Type:","Type:"
"URL Rewrite","URL Rewrite"
"URL Rewrite Information","URL Rewrite Information"
"URL Rewrite Management","URL Rewrite Management"
"Unable to cancel the credit memo.","Unable to cancel the credit memo."
"Unable to find a Email Template to delete.","Unable to find a Email Template to delete."
"Unable to find a poll to delete.","Unable to find a poll to delete."
"Unable to find a tag to delete.","Unable to find a tag to delete."
"Unable to find a user to delete.","Unable to find a user to delete."
"Unable to initialize import model","Unable to initialize import model"
"Unable to refresh lifetime statistics.","Unable to refresh lifetime statistics."
"Unable to refresh recent statistics.","Unable to refresh recent statistics."
"Unable to save the cron expression.","Unable to save the cron expression."
"Unable to save the invoice.","Unable to save the invoice."
"Unable to send the invoice email.","Unable to send the invoice email."
"Unable to send the shipment email.","Unable to send the shipment email."
"Unable to update transaction details.","Unable to update transaction details."
"Unable to void the credit memo.","Unable to void the credit memo."
"Unknown","Không biết"
"Unlimited","Không giới hạn"
"Update","Cập nhật"
"Updated At","Cập nhật lúc"
"Upload File","Tải tệp lên"
"Upload Files","Tải lên nhiều tệp"
"Upload HTTP Error","Upload HTTP Error"
"Upload I/O Error","Upload I/O Error"
"Upload Security Error","Upload Security Error"
"Upload import file","Upload import file"
"Use All Available Attributes","Use All Available Attributes"
"Use Config Settings","Use Config Settings"
"Use default","Dùng mặc định"
"Use Default Value","Dùng giá trị mặc định"
"Use Default Variable Values","Use Default Variable Values"
"Use FTP Connection","Sử dụng kết nối FTP"
"Use Website","Use Website"
"Used Currently For","Used Currently For"
"Used as Default For","Used as Default For"
"User Email","Email người dùng"
"User ID","ID người dùng"
"User Info","Thông tin"
"User Information","Thông tin người dùng"
"User name","Tên người dùng"
"User Name is required field.","Tên người dùng là bắt buộc."
"User Name:","Tên người dùng:"
"User Password","Mật khẩu"
"User Role","Vai của người dùng"
"User Roles","Vai của người dùng"
"User Roles Information","Thông tin vai người dùng"
"User name","Tên người dùng"
"Users","Người dùng"
"VAT Number is Invalid","Số VAT không hợp lệ"
"VAT Number is Valid","Số VAT hợp lệ"
"Validation Results","Validation Results"
"Value","Giá trị"
"Value Delimiter:","Value Delimiter:"
"Variable","Variable"
"Variable Code","Variable Code"
"Variable HTML Value","Variable HTML Value"
"Variable ID","Variable ID"
"Variable Name","Variable Name"
"Variable Plain Value","Variable Plain Value"
"View Actions XML","View Actions XML"
"View Full Size","View Full Size"
"View Memo","View Memo"
"View Memo for #%s","View Memo for #%s"
"View Shipment","Xem việc giao hàng"
"View Statistics For","Xem thống kê cho"
"Visibility:","Khả năng hiển thị:"
"Warning","Cảnh báo"
"Warning! Empty value can cause problems with CSV format.","Warning! Empty value can cause problems with CSV format."
"Warning!\r\nThis action will remove this user from already assigned role\r\nAre you sure?","Warning!\r\nThis action will remove this user from already assigned role\r\nAre you sure?"
"Warning!\r\nThis action will remove those users from already assigned roles\r\nAre you sure?","Warning!\r\nThis action will remove those users from already assigned roles\r\nAre you sure?"
"Warning: Please do not close the window during importing/exporting data","Warning: Please do not close the window during importing/exporting data"
"Watermark File for %s","Watermark File for %s"
"We appreciate our merchants\' feedback, please <a href=""#"" onclick=""surveyAction(\'yes\'); return false;"">take our survey</a> to provide insight on the features you would like included in Magento. <a href=""#"" onclick=""surveyAction(\'no\'); return false;"">Remove this notification</a>","We appreciate our merchants\' feedback, please <a href=""#"" onclick=""surveyAction(\'yes\'); return false;"">take our survey</a> to provide insight on the features you would like included in Magento. <a href=""#"" onclick=""surveyAction(\'no\'); return false;"">Remove this notification</a>"
"We\'re in our typing table, coding away more features for Magento. Thank you for your patience.","We\'re in our typing table, coding away more features for Magento. Thank you for your patience."
"Web Section","Web Section"
"Web Services","Web Services"
"Web services","Web services"
"Website","Website"
"What is this?","Nó là cái gì?"
"Wishlist Report","Wishlist Report"
"Wishlist item is not loaded.","Wishlist item is not loaded."
"Wrong account specified.","Wrong account specified."
"Wrong billing agreement ID specified.","Wrong billing agreement ID specified."
"Wrong column format.","Wrong column format."
"Wrong newsletter template.","Wrong newsletter template."
"Wrong quote item.","Wrong quote item."
"Wrong tab configuration.","Wrong tab configuration."
"Wrong tag was specified.","Wrong tag was specified."
"Wrong transaction ID specified.","Wrong transaction ID specified."
"XML","XML"
"XML data is invalid.","XML data is invalid."
"XML object is not instance of ""Varien_Simplexml_Element"".","XML object is not instance of ""Varien_Simplexml_Element""."
"YTD","YTD"
"Year","Year"
"Yes","Đồng ý"
"Yes (301 Moved Permanently)","Yes (301 Moved Permanently)"
"Yes (302 Found)","Yes (302 Found)"
"Yes (only price with tax)","Yes (only price with tax)"
"You cannot delete your own account.","You cannot delete your own account."
"You have %s unread message(s).","You have %s unread message(s)."
"You have %s unread message(s). <a href=""%s"">Go to messages inbox</a>.","You have %s unread message(s). <a href=""%s"">Go to messages inbox</a>."
"You have %s, %s and %s unread messages. <a href=""%s"">Go to messages inbox</a>.","You have %s, %s and %s unread messages. <a href=""%s"">Go to messages inbox</a>."
"You have logged out.","You have logged out."
"You have not enough permissions to use this functionality.","You have not enough permissions to use this functionality."
"You must have JavaScript enabled in your browser to utilize the functionality of this website.","You must have JavaScript enabled in your browser to utilize the functionality of this website."
"You need to specify order items.","You need to specify order items."
"You will need to wait when the action ends.","You will need to wait when the action ends."
"Your answers contain duplicates.","Your answers contain duplicates."
"Your password has been updated.","Your password has been updated."
"Your password reset link has expired.","Your password reset link has expired."
"Your server PHP settings allow you to upload files not more than %s at a time. Please modify post_max_size (currently is %s) and upload_max_filesize (currently is %s) values in php.ini if you want to upload larger files.","Your server PHP settings allow you to upload files not more than %s at a time. Please modify post_max_size (currently is %s) and upload_max_filesize (currently is %s) values in php.ini if you want to upload larger files."
"Your web server is configured incorrectly. As a result, configuration files with sensitive information are accessible from the outside. Please contact your hosting provider.","Your web server is configured incorrectly. As a result, configuration files with sensitive information are accessible from the outside. Please contact your hosting provider."
"Zip/Postal Code","Zip/Postal Code"
"Zip/Postal Code:","Zip/Postal Code:"
"[ deleted ]","[ deleted ]"
"[GLOBAL]","[GLOBAL]"
"[STORE VIEW]","[STORE VIEW]"
"[WEBSITE]","[WEBSITE]"
"b","b"
"Close","Đóng"
"critical","critical"
"example: ""sitemap/"" or ""/"" for base path (path must be writeable)","example: ""sitemap/"" or ""/"" for base path (path must be writeable)"
"example: sitemap.xml","example: sitemap.xml"
"Failed","Thất bại"
"From","Từ"
"MAJOR","CHÍNH"
"MINOR","PHỤ"
"notice","notice"
"store(%s) scope","store(%s) scope"
"Successful","Thành công"
"to","đến"
"website(%s) scope","website(%s) scope"
"{{base_url}} is not recommended to use in a production environment to declare the Base Unsecure URL / Base Secure URL. It is highly recommended to change this value in your Magento <a href=""%s"">configuration</a>.","{{base_url}} is not recommended to use in a production environment to declare the Base Unsecure URL / Base Secure URL. It is highly recommended to change this value in your Magento <a href=""%s"">configuration</a>."
"Order Date", "Ngày mua"
"Order Status", "Trang thái đơn hàng"
"Purchased From", "Mua từ"
"Placed from IP", "IP đã mua"
"Comments History", "Lịch sử comment"
"Add Order Comments", "Thêm comment cho đơn hàng"
"Comment", "Nội dung"
"Notify Customer by Email", "Gửi nội dung này cho khách hàng"
"Visible on Frontend", "Hiển thị ngoài website"
"Submit Comment", "Thêm"
"Total Paid", "Đã thanh toán"
"Total Due", "Tổng hóa đơn"
"Order View", "Xem đơn hàng"